n,time
1,5701
2,2534
3,2745
4,1613
5,1664
6,2144
7,1753
8,2034
9,2064
10,1683
11,1062
12,1543
13,1784
14,2144
15,1964
16,1663
17,2855
18,2846
19,2555
20,2695
21,2154
22,1713
23,2344
24,1362
25,1854
26,2184
27,1102
28,3056
29,992
30,2184
31,2284
32,1653
33,1392
34,2295
35,1503
36,1693
37,2265
38,2224
39,1353
40,1052
41,2264
42,1353
43,2154
44,1613
45,1874
46,1884
47,2755
48,3116
49,2245
50,1833
51,2384
52,1322
53,2264
54,1633
55,10771
56,1663
57,1112
58,2995
59,1443
60,862
61,1743
62,1613
63,1593
64,1473
65,2645
66,2585
67,11381
68,1754
69,1433
70,10109
71,2766
72,1373
73,1793
74,2695
75,1563
76,2445
77,2174
78,2485
79,2315
80,1513
81,3416
82,1422
83,1563
84,2515
85,2384
86,1663
87,1613
88,2625
89,2695
90,2806
91,2235
92,2535
93,1553
94,2535
95,2755
96,3297
97,2635
98,1082
99,2134
100,2014
101,2545
102,2204
103,1312
104,2144
105,2645
106,1924
107,2374
108,3036
109,1923
110,1502
111,1002
112,772
113,2054
114,1042
115,1823
116,1313
117,1052
118,1793
119,1874
120,1143
121,2124
122,1623
123,871
124,1803
125,2645
126,2204
127,2255
128,1312
129,1453
130,2164
131,1412
132,2835
133,2094
134,3436
135,1493
136,1953
137,2004
138,2064
139,982
140,1292
141,2364
142,1183
143,1733
144,1143
145,1934
146,2715
147,1944
148,2434
149,1122
150,3176
151,1533
152,2494
153,2305
154,2855
155,2434
156,2545
157,3086
158,3486
159,1393
160,2355
161,3456
162,2444
163,2245
164,2445
165,1884
166,3466
167,1834
168,2645
169,1403
170,2895
171,2364
172,1864
173,1753
174,1593
175,1924
176,1784
177,2595
178,2174
179,1813
180,1383
181,1673
182,1072
183,2505
184,3156
185,3016
186,12604
187,1733
188,10460
189,2595
190,3116
191,2255
192,2104
193,2375
194,3006
195,1182
196,3506
197,4018
198,1182
199,3086
200,1943
201,2915
202,2865
203,3437
204,2484
205,1613
206,2715
207,1173
208,2144
209,2605
210,2154
211,1694
212,1232
213,1744
214,1643
215,1603
216,3076
217,2064
218,1663
219,1172
220,2114
221,1964
222,1523
223,1623
224,4228
225,2725
226,2204
227,3016
228,2514
229,1793
230,2815
231,1523
232,1694
233,902
234,871
235,1272
236,2535
237,661
238,1733
239,1653
240,1653
241,1714
242,912
243,2235
244,2825
245,2485
246,3457
247,2505
248,1704
249,3857
250,1372
251,2615
252,2104
253,1182
254,2235
255,2525
256,1903
257,2385
258,2104
259,1924
260,1292
261,1422
262,1914
263,2355
264,1813
265,2014
266,3376
267,2685
268,2354
269,2354
270,1863
271,2014
272,2014
273,3126
274,1342
275,2004
276,2304
277,1613
278,1332
279,1884
280,1493
281,1873
282,1703
283,1643
284,1383
285,1022
286,2785
287,3927
288,2925
289,1984
290,2204
291,3006
292,1823
293,2345
294,1512
295,1713
296,2234
297,1984
298,1714
299,2835
300,2054
301,2515
302,1913
303,2645
304,3186
305,2324
306,2745
307,2064
308,3307
309,2365
310,1704
311,1683
312,3076
313,2414
314,1242
315,1223
316,1403
317,3376
318,2054
319,1823
320,2545
321,1783
322,2565
323,2244
324,2495
325,2004
326,1734
327,2855
328,2875
329,2355
330,2875
331,2455
332,2355
333,1783
334,2485
335,3036
336,2084
337,2665
338,2545
339,2384
340,1492
341,2605
342,2525
343,1523
344,1693
345,2625
346,1844
347,1694
348,2275
349,1994
350,1924
351,2145
352,1202
353,1533
354,1483
355,2595
356,952
357,1282
358,2124
359,2325
360,1483
361,1092
362,992
363,1883
364,1182
365,1653
366,2335
367,2024
368,3667
369,2845
370,2184
371,2023
372,1613
373,1924
374,3787
375,2454
376,2305
377,1393
378,2525
379,2374
380,2164
381,2294
382,1663
383,1583
384,2524
385,1493
386,2585
387,2004
388,3347
389,2545
390,2705
391,1272
392,3216
393,1893
394,2435
395,1763
396,1924
397,1122
398,1653
399,1814
400,1152
401,1893
402,1393
403,1032
404,2595
405,922
406,2134
407,3577
408,2114
409,3026
410,2224
411,2776
412,2244
413,2435
414,2255
415,1173
416,1292
417,1173
418,2475
419,1923
420,1754
421,2725
422,2124
423,1904
424,1243
425,2555
426,1964
427,1343
428,1192
429,2385
430,2645
431,1663
432,1954
433,2154
434,1092
435,1583
436,942
437,1062
438,1452
439,2294
440,1503
441,1643
442,1553
443,1542
444,1694
445,1423
446,1843
447,1623
448,1593
449,1092
450,3677
451,2245
452,3366
453,3728
454,2434
455,2514
456,2545
457,2054
458,1914
459,2645
460,2334
461,2776
462,2534
463,2856
464,1112
465,2415
466,1623
467,2094
468,811
469,1764
470,1393
471,1402
472,2615
473,2365
474,2345
475,2495
476,2215
477,2315
478,1152
479,3036
480,2264
481,2174
482,2214
483,2385
484,2084
485,3016
486,1653
487,2675
488,1002
489,2925
490,1332
491,2154
492,1913
493,1613
494,2515
495,3105
496,2285
497,1183
498,1723
499,1663
500,1312
501,2054
502,1673
503,1493
504,2565
505,1393
506,2645
507,2956
508,2415
509,1803
510,2786
511,1262
512,3427
513,2124
514,1954
515,952
516,862
517,1983
518,792
519,892
520,1212
521,2054
522,1453
523,1482
524,1723
525,962
526,1282
527,3146
528,2795
529,1362
530,2324
531,2395
532,1453
533,2365
534,1714
535,2344
536,2385
537,2275
538,1613
539,2534
540,2114
541,2425
542,2384
543,1283
544,2345
545,2825
546,2184
547,1232
548,1964
549,1232
550,2324
551,1052
552,2054
553,1493
554,1724
555,1432
556,1403
557,1152
558,1703
559,1583
560,2905
561,1262
562,2344
563,2414
564,1062
565,2154
566,812
567,1102
568,1894
569,1463
570,792
571,1944
572,1163
573,831
574,981
575,722
576,1503
577,781
578,1683
579,972
580,1543
581,1513
582,1502
583,1713
584,1052
585,2214
586,1593
587,1092
588,932
589,1653
590,1533
591,1844
592,1412
593,1663
594,1934
595,2144
596,2285
597,2374
598,2084
599,1503
600,2054
601,2024
602,1854
603,2214
604,1653
605,2505
606,1723
607,2665
608,2174
609,2325
610,6543
611,2184
612,1202
613,2304
614,912
615,1212
616,1002
617,2454
618,1783
619,1673
620,1693
621,842
622,862
623,1543
624,832
625,1443
626,1292
627,1573
628,1613
629,1133
630,1563
631,1362
632,1533
633,1453
634,731
635,1904
636,711
637,1603
638,1503
639,2174
640,932
641,1513
642,812
643,1623
644,792
645,1533
646,4499
647,1954
648,2254
649,1022
650,2474
651,2595
652,1233
653,1563
654,2073
655,1723
656,761
657,1032
658,1483
659,2264
660,2144
661,1103
662,1062
663,1463
664,1903
665,1072
666,1173
667,2565
668,1162
669,1293
670,1573
671,1723
672,1002
673,1964
674,871
675,1783
676,1403
677,1493
678,1543
679,1383
680,1402
681,1863
682,1733
683,1232
684,831
685,3758
686,972
687,1813
688,2064
689,872
690,882
691,922
692,2054
693,752
694,1634
695,1042
696,1764
697,952
698,6282
699,952
700,762
701,1573
702,921
703,942
704,1723
705,1573
706,1443
707,1523
708,922
709,1553
710,812
711,882
712,841
713,1874
714,1553
715,962
716,1513
717,812
718,1623
719,892
720,2384
721,1483
722,1433
723,852
724,2795
725,2244
726,1443
727,2134
728,911
729,942
730,2355
731,1473
732,1753
733,1463
734,1834
735,1522
736,811
737,1623
738,862
739,1483
740,1463
741,1673
742,862
743,2054
744,1442
745,1353
746,822
747,1603
748,1483
749,1924
750,1403
751,1873
752,2735
753,1483
754,1192
755,1923
756,1072
757,1954
758,1473
759,872
760,1723
761,1793
762,2345
763,1833
764,1543
765,1944
766,1012
767,1924
768,2435
769,2194
770,2004
771,1974
772,1312
773,2856
774,1633
775,3035
776,1022
777,1573
778,2064
779,1763
780,942
781,1984
782,1723
783,1923
784,1894
785,1844
786,1743
787,1713
788,1723
789,1042
790,1142
791,2044
792,2455
793,1643
794,1162
795,1032
796,962
797,2574
798,1914
799,1904
800,1934
801,1853
802,1362
803,951
804,2956
805,3076
806,1463
807,1693
808,1482
809,952
810,1793
811,2274
812,1573
813,1533
814,1533
815,832
816,1513
817,1613
818,781
819,861
820,1323
821,2715
822,1843
823,1854
824,1874
825,1693
826,2264
827,1362
828,2024
829,2244
830,1883
831,1843
832,2194
833,1764
834,2224
835,1834
836,1613
837,1683
838,1783
839,2154
840,2254
841,1493
842,1112
843,2184
844,1714
845,1283
846,932
847,2134
848,2445
849,2174
850,1133
851,2194
852,1763
853,1633
854,1012
855,1553
856,2355
857,1392
858,1673
859,2344
860,2775
861,2554
862,1272
863,2495
864,2514
865,2194
866,1603
867,1272
868,1372
869,1333
870,2445
871,2064
872,2645
873,1393
874,1353
875,2344
876,2535
877,1202
878,1242
879,2625
880,2214
881,2174
882,2064
883,3396
884,1433
885,2054
886,1573
887,1723
888,1683
889,1492
890,842
891,831
892,1173
893,1994
894,1583
895,1473
896,1753
897,1303
898,741
899,1913
900,841
901,802
902,1142
903,952
904,1803
905,841
906,1563
907,1493
908,1012
909,1713
910,741
911,1984
912,1042
913,1723
914,1543
915,1553
916,1533
917,1343
918,1443
919,751
920,1593
921,2494
922,1393
923,2895
924,1483
925,2836
926,2856
927,2134
928,2064
929,2535
930,2595
931,2706
932,2494
933,2214
934,2124
935,1402
936,1433
937,741
938,891
939,1713
940,1713
941,842
942,2014
943,1392
944,1984
945,752
946,821
947,1022
948,2034
949,1583
950,1493
951,1643
952,1402
953,1393
954,1532
955,882
956,1523
957,2284
958,2314
959,1633
960,1613
961,1392
962,1663
963,1402
964,3236
965,1883
966,3557
967,1883
968,971
969,1934
970,1703
971,1543
972,832
973,2464
974,1673
975,1553
976,2895
977,1583
978,1663
979,891
980,1923
981,902
982,812
983,1572
984,942
985,962
986,1794
987,1453
988,2434
989,1543
990,1643
991,1944
992,1042
993,861
994,1513
995,732
996,1513
997,1313
998,701
999,922
1000,712
1001,702
1002,1202
1003,1042
1004,1532
1005,901
1006,2214
1007,1493
1008,1884
1009,1503
1010,1262
1011,1483
1012,1293
1013,1613
1014,2154
1015,1643
1016,1764
1017,842
1018,1142
1019,1983
1020,1513
1021,1523
1022,1002
1023,1202
1024,2285
1025,2324
1026,1283
1027,1934
1028,3397
1029,2565
1030,1363
1031,2665
1032,2084
1033,1383
1034,2715
1035,2254
1036,2165
1037,2365
1038,2555
1039,1343
1040,1864
1041,972
1042,651
1043,1563
1044,2034
1045,2434
1046,942
1047,1222
1048,1012
1049,2234
1050,1613
1051,1553
1052,1503
1053,832
1054,1212
1055,2003
1056,2225
1057,1012
1058,2385
1059,2495
1060,2545
1061,1473
1062,1162
1063,2214
1064,951
1065,2094
1066,1653
1067,1663
1068,932
1069,1994
1070,1022
1071,1813
1072,1653
1073,862
1074,1503
1075,1513
1076,2335
1077,2795
1078,1944
1079,1463
1080,1222
1081,1663
1082,1473
1083,1062
1084,1002
1085,742
1086,1543
1087,1523
1088,1463
1089,1603
1090,1443
1091,1403
1092,3066
1093,1262
1094,1834
1095,1543
1096,1613
1097,1523
1098,1973
1099,972
1100,1543
1101,1473
1102,1323
1103,1262
1104,1493
1105,852
1106,2034
1107,1462
1108,1552
1109,1523
1110,1573
1111,1243
1112,1744
1113,1383
1114,1133
1115,2044
1116,1923
1117,1774
1118,1533
1119,1833
1120,3758
1121,1783
1122,1743
1123,1723
1124,1062
1125,1954
1126,2615
1127,1914
1128,2034
1129,2335
1130,2365
1131,2615
1132,2465
1133,2385
1134,2134
1135,2735
1136,1934
1137,1403
1138,2615
1139,2294
1140,2364
1141,1773
1142,2585
1143,3156
1144,2505
1145,932
1146,1613
1147,1743
1148,2034
1149,1613
1150,1533
1151,1743
1152,992
1153,1282
1154,972
1155,1774
1156,1443
1157,1513
1158,1683
1159,992
1160,2174
1161,762
1162,2284
1163,1714
1164,821
1165,1643
1166,1462
1167,1443
1168,1513
1169,1563
1170,1432
1171,2455
1172,2454
1173,1714
1174,2084
1175,1744
1176,2144
1177,1724
1178,2495
1179,2054
1180,1653
1181,2856
1182,1443
1183,841
1184,1954
1185,1483
1186,1543
1187,802
1188,2354
1189,1913
1190,1833
1191,832
1192,1663
1193,791
1194,1452
1195,1543
1196,1924
1197,1603
1198,1453
1199,3407
1200,2374
1201,1943
1202,1082
1203,1182
1204,1844
1205,1503
1206,822
1207,972
1208,1393
1209,911
1210,1483
1211,862
1212,2114
1213,1453
1214,761
1215,2735
1216,1593
1217,2585
1218,1893
1219,1433
1220,1723
1221,1403
1222,1713
1223,811
1224,1814
1225,1643
1226,971
1227,1703
1228,1874
1229,852
1230,1663
1231,1513
1232,1393
1233,1593
1234,1482
1235,931
1236,921
1237,1483
1238,1763
1239,732
1240,1453
1241,1102
1242,2034
1243,1473
1244,1543
1245,882
1246,2084
1247,1382
1248,1513
1249,1333
1250,1102
1251,1824
1252,1363
1253,1523
1254,751
1255,1603
1256,1293
1257,1643
1258,1944
1259,1854
1260,2064
1261,822
1262,1693
1263,1032
1264,2044
1265,1483
1266,862
1267,2154
1268,1362
1269,1052
1270,1292
1271,1473
1272,1543
1273,1773
1274,1282
1275,1403
1276,751
1277,691
1278,1473
1279,1573
1280,1002
1281,1333
1282,1332
1283,2084
1284,1543
1285,812
1286,1443
1287,5320
1288,1423
1289,812
1290,1363
1291,1523
1292,1373
1293,1252
1294,1342
1295,1452
1296,3006
1297,2244
1298,2184
1299,2134
1300,2064
1301,2284
1302,2495
1303,2845
1304,2264
1305,2515
1306,1372
1307,2344
1308,2225
1309,2114
1310,1323
1311,2404
1312,1333
1313,9388
1314,1012
1315,912
1316,1793
1317,992
1318,2053
1319,962
1320,922
1321,1493
1322,782
1323,2074
1324,1453
1325,1433
1326,1963
1327,2435
1328,2735
1329,2154
1330,2114
1331,2474
1332,2033
1333,2224
1334,1352
1335,1402
1336,2535
1337,2244
1338,992
1339,2304
1340,2255
1341,2194
1342,2405
1343,2395
1344,2124
1345,1483
1346,1132
1347,1423
1348,1413
1349,2315
1350,2274
1351,2294
1352,2675
1353,1644
1354,992
1355,1673
1356,2325
1357,1252
1358,1413
1359,2434
1360,1784
1361,2545
1362,2445
1363,1683
1364,1463
1365,1513
1366,1593
1367,1593
1368,1373
1369,1373
1370,892
1371,1874
1372,1142
1373,1463
1374,1242
1375,1332
1376,902
1377,2054
1378,1362
1379,1403
1380,1382
1381,1473
1382,1362
1383,801
1384,2034
1385,1473
1386,842
1387,1502
1388,1212
1389,1743
1390,1482
1391,721
1392,3707
1393,1473
1394,1633
1395,1443
1396,1994
1397,2545
1398,1253
1399,2425
1400,1242
1401,1463
1402,2735
1403,2144
1404,2144
1405,2184
1406,1563
1407,2295
1408,2104
1409,2265
1410,1513
1411,3266
1412,2184
1413,2756
1414,2245
1415,2164
1416,1192
1417,2474
1418,2815
1419,1092
1420,1653
1421,1072
1422,1483
1423,1472
1424,1342
1425,1403
1426,1473
1427,1423
1428,1463
1429,1753
1430,1333
1431,802
1432,1763
1433,751
1434,1653
1435,2885
1436,1453
1437,1794
1438,2685
1439,1633
1440,2425
1441,2384
1442,2094
1443,2134
1444,2174
1445,1522
1446,2395
1447,1703
1448,2615
1449,2174
1450,2094
1451,2835
1452,2545
1453,782
1454,1673
1455,852
1456,1713
1457,801
1458,942
1459,1603
1460,1483
1461,882
1462,822
1463,942
1464,1653
1465,1783
1466,2004
1467,1493
1468,1312
1469,1633
1470,1492
1471,1553
1472,1513
1473,1814
1474,1533
1475,1693
1476,972
1477,1923
1478,1502
1479,1513
1480,1943
1481,862
1482,812
1483,1733
1484,1623
1485,2154
1486,1112
1487,912
1488,2425
1489,1613
1490,1774
1491,831
1492,1473
1493,1302
1494,1403
1495,1062
1496,1503
1497,1543
1498,1142
1499,1673
1500,1423
1501,712
1502,952
1503,1604
1504,1293
1505,1082
1506,1553
1507,1683
1508,1503
1509,2094
1510,1423
1511,792
1512,3306
1513,2605
1514,1643
1515,1082
1516,2124
1517,1472
1518,1773
1519,1393
1520,1433
1521,1223
1522,1493
1523,2084
1524,782
1525,1663
1526,1202
1527,722
1528,1623
1529,1152
1530,1864
1531,1793
1532,1252
1533,1613
1534,1653
1535,1743
1536,1983
1537,641
1538,791
1539,1453
1540,1743
1541,1733
1542,1843
1543,1552
1544,852
1545,771
1546,701
1547,1563
1548,1403
1549,1272
1550,1473
1551,902
1552,1583
1553,732
1554,1383
1555,1273
1556,1733
1557,1443
1558,922
1559,782
1560,2975
1561,1522
1562,972
1563,872
1564,1262
1565,1673
1566,1312
1567,1302
1568,741
1569,741
1570,1163
1571,912
1572,1924
1573,1413
1574,1563
1575,1563
1576,1623
1577,1192
1578,1653
1579,941
1580,1734
1581,1002
1582,912
1583,1693
1584,1523
1585,1864
1586,1823
1587,852
1588,1964
1589,1513
1590,1624
1591,872
1592,1974
1593,1543
1594,3025
1595,1263
1596,1333
1597,1503
1598,2435
1599,2124
1600,2054
1601,1073
1602,2154
1603,1432
1604,1913
1605,1563
1606,1653
1607,892
1608,731
1609,1082
1610,1663
1611,1503
1612,1402
1613,2575
1614,2104
1615,761
1616,771
1617,1613
1618,1373
1619,1463
1620,651
1621,1523
1622,1523
1623,992
1624,1383
1625,1553
1626,1442
1627,1743
1628,1864
1629,1513
1630,721
1631,1522
1632,601
1633,962
1634,921
1635,1512
1636,1583
1637,1252
1638,2585
1639,892
1640,1934
1641,721
1642,1553
1643,731
1644,2144
1645,2835
1646,2204
1647,1583
1648,1523
1649,822
1650,2004
1651,1343
1652,1503
1653,1402
1654,1413
1655,1482
1656,1984
1657,1373
1658,1513
1659,1032
1660,1694
1661,1784
1662,1243
1663,1533
1664,1462
1665,2565
1666,822
1667,962
1668,1984
1669,1402
1670,1423
1671,1743
1672,1002
1673,2144
1674,1573
1675,1502
1676,972
1677,1333
1678,1613
1679,1372
1680,1403
1681,1192
1682,1663
1683,1323
1684,1553
1685,1322
1686,1463
1687,762
1688,1763
1689,1953
1690,1834
1691,1804
1692,1322
1693,1873
1694,1533
1695,1704
1696,1082
1697,1463
1698,1953
1699,2525
1700,1082
1701,1683
1702,2245
1703,2054
1704,992
1705,2014
1706,992
1707,1744
1708,1543
1709,881
1710,1944
1711,1824
1712,2154
1713,1643
1714,2325
1715,2214
1716,1643
1717,831
1718,1012
1719,1954
1720,1623
1721,1913
1722,1723
1723,1663
1724,1112
1725,1943
1726,1573
1727,972
1728,1693
1729,3406
1730,1422
1731,902
1732,1573
1733,2695
1734,1072
1735,1924
1736,952
1737,962
1738,1803
1739,791
1740,1703
1741,931
1742,821
1743,1523
1744,1674
1745,1332
1746,1212
1747,1563
1748,1553
1749,2064
1750,1433
1751,1443
1752,1553
1753,1563
1754,1282
1755,592
1756,2395
1757,1383
1758,1453
1759,691
1760,1433
1761,842
1762,1022
1763,1512
1764,1673
1765,1583
1766,1573
1767,1313
1768,1433
1769,1102
1770,1603
1771,742
1772,1823
1773,1753
1774,1443
1775,1152
1776,1603
1777,1614
1778,821
1779,1523
1780,1443
1781,1543
1782,2745
1783,1633
1784,1613
1785,1002
1786,1843
1787,1563
1788,1853
1789,1683
1790,1864
1791,1553
1792,1573
1793,2825
1794,1773
1795,1844
1796,1002
1797,2685
1798,1953
1799,2224
1800,1843
1801,1783
1802,2033
1803,1684
1804,3386
1805,1723
1806,3517
1807,3266
1808,2064
1809,1993
1810,3587
1811,1443
1812,2445
1813,2405
1814,1994
1815,1873
1816,2514
1817,2675
1818,2274
1819,2685
1820,1854
1821,2074
1822,2224
1823,2414
1824,2846
1825,1473
1826,2766
1827,3006
1828,2225
1829,1152
1830,2034
1831,2464
1832,3256
1833,2445
1834,1673
1835,1252
1836,2485
1837,1593
1838,2825
1839,1283
1840,2956
1841,2154
1842,1913
1843,2695
1844,2735
1845,2275
1846,3747
1847,2966
1848,2835
1849,2876
1850,2304
1851,2805
1852,2285
1853,1112
1854,3247
1855,3347
1856,2334
1857,1783
1858,3206
1859,1914
1860,2815
1861,2154
1862,3466
1863,1853
1864,2104
1865,14337
1866,4128
1867,1713
1868,2986
1869,2505
1870,3146
1871,1944
1872,2415
1873,2835
1874,2294
1875,2895
1876,2144
1877,1503
1878,2665
1879,1633
1880,2235
1881,2214
1882,2234
1883,2955
1884,1372
1885,2976
1886,1893
1887,3306
1888,2775
1889,1884
1890,4439
1891,3176
1892,2424
1893,2816
1894,2525
1895,16721
1896,1843
1897,1653
1898,2265
1899,2344
1900,1863
1901,3747
1902,21892
1903,2565
1904,2204
1905,2434
1906,1703
1907,2355
1908,2265
1909,2334
1910,2314
1911,1944
1912,2294
1913,2945
1914,1903
1915,2505
1916,2836
1917,2214
1918,2585
1919,2465
1920,1623
1921,3197
1922,2315
1923,3006
1924,2665
1925,2304
1926,2525
1927,2415
1928,1974
1929,1022
1930,1763
1931,2194
1932,1092
1933,1793
1934,1923
1935,1423
1936,2525
1937,3437
1938,1653
1939,2775
1940,1813
1941,2766
1942,2364
1943,1923
1944,2305
1945,3206
1946,2455
1947,15750
1948,1643
1949,1542
1950,2324
1951,3176
1952,2254
1953,2385
1954,2344
1955,3226
1956,2275
1957,2204
1958,3176
1959,1543
1960,3456
1961,3447
1962,1773
1963,3476
1964,3025
1965,1553
1966,2074
1967,1713
1968,1293
1969,3617
1970,1683
1971,1994
1972,3025
1973,2855
1974,3496
1975,3908
1976,4198
1977,5731
1978,3436
1979,3576
1980,3096
1981,2465
1982,1012
1983,2265
1984,1944
1985,1753
1986,2685
1987,2235
1988,1683
1989,2755
1990,1433
1991,1613
1992,3326
1993,3046
1994,2725
1995,1954
1996,1703
1997,2325
1998,1563
1999,1974
2000,1532
2001,1913
2002,3757
2003,3386
2004,2004
2005,1132
2006,1903
2007,1654
2008,1723
2009,1463
2010,2986
2011,1923
2012,2013
2013,2865
2014,1132
2015,3357
2016,2856
2017,1473
2018,2335
2019,1694
2020,1302
2021,2464
2022,1583
2023,1453
2024,2615
2025,2415
2026,3436
2027,1963
2028,2014
2029,1553
2030,2685
2031,2054
2032,1714
2033,1202
2034,1122
2035,1403
2036,2705
2037,1503
2038,2414
2039,2454
2040,1373
2041,2364
2042,2174
2043,1463
2044,2024
2045,1363
2046,1603
2047,2404
2048,3276
2049,2915
2050,1082
2051,2404
2052,1533
2053,2595
2054,1864
2055,1483
2056,2083
2057,2805
2058,2554
2059,1633
2060,1673
2061,2214
2062,1914
2063,1864
2064,1764
2065,1934
2066,1312
2067,2003
2068,1122
2069,2184
2070,1673
2071,1783
2072,1934
2073,1182
2074,2505
2075,1703
2076,3216
2077,2936
2078,1893
2079,3086
2080,1724
2081,2555
2082,1433
2083,1243
2084,2134
2085,1112
2086,2364
2087,1062
2088,2014
2089,1142
2090,2485
2091,1794
2092,1132
2093,1062
2094,2074
2095,1833
2096,1062
2097,2475
2098,1733
2099,3146
2100,2495
2101,1082
2102,962
2103,2124
2104,1783
2105,1673
2106,1162
2107,2575
2108,1704
2109,2274
2110,1944
2111,2114
2112,1353
2113,1873
2114,2013
2115,1303
2116,1082
2117,1774
2118,1573
2119,1543
2120,1623
2121,2234
2122,1563
2123,3697
2124,1663
2125,1994
2126,1723
2127,1794
2128,1532
2129,1713
2130,822
2131,2445
2132,1132
2133,882
2134,3146
2135,1262
2136,1814
2137,2374
2138,1143
2139,1583
2140,2675
2141,2775
2142,2875
2143,1042
2144,3035
2145,1202
2146,2504
2147,2785
2148,1863
2149,1302
2150,1483
2151,1042
2152,902
2153,2104
2154,2074
2155,1974
2156,1242
2157,1933
2158,1723
2159,1563
2160,2665
2161,1713
2162,1393
2163,2114
2164,2385
2165,16983
2166,2455
2167,1884
2168,3046
2169,2264
2170,1613
2171,2023
2172,2555
2173,2394
2174,1202
2175,3877
2176,3116
2177,1973
2178,2024
2179,14788
2180,2615
2181,1713
2182,2946
2183,2555
2184,2073
2185,3386
2186,2335
2187,1523
2188,1974
2189,3006
2190,2806
2191,12955
2192,1934
2193,3186
2194,2284
2195,2795
2196,1863
2197,1343
2198,2645
2199,1603
2200,3787
2201,17723
2202,1703
2203,2785
2204,2254
2205,1273
2206,3005
2207,1343
2208,1703
2209,3026
2210,2345
2211,2254
2212,11562
2213,12984
2214,2856
2215,2996
2216,1843
2217,1052
2218,2705
2219,2365
2220,1673
2221,2354
2222,1723
2223,3036
2224,972
2225,3266
2226,1823
2227,2515
2228,1493
2229,1272
2230,2274
2231,2164
2232,2204
2233,1532
2234,1964
2235,1442
2236,1513
2237,1813
2238,1462
2239,1663
2240,1553
2241,2866
2242,3627
2243,1603
2244,3356
2245,2325
2246,1714
2247,2825
2248,2315
2249,2345
2250,1563
2251,2434
2252,1443
2253,2635
2254,2304
2255,1323
2256,2404
2257,2285
2258,2255
2259,1282
2260,2404
2261,2665
2262,1573
2263,3246
2264,3527
2265,3707
2266,1232
2267,1954
2268,1724
2269,2494
2270,2154
2271,1804
2272,2294
2273,1503
2274,1052
2275,1714
2276,2124
2277,2385
2278,2705
2279,2876
2280,2174
2281,1443
2282,2064
2283,3206
2284,3978
2285,2194
2286,2685
2287,3286
2288,2014
2289,1633
2290,1523
2291,2064
2292,1943
2293,1152
2294,2475
2295,1062
2296,1333
2297,2234
2298,1703
2299,1022
2300,1532
2301,881
2302,1593
2303,852
2304,4318
2305,1653
2306,2946
2307,2424
2308,2325
2309,2605
2310,1323
2311,1252
2312,1423
2313,1232
2314,1844
2315,1653
2316,1463
2317,3487
2318,1453
2319,1703
2320,1413
2321,1333
2322,1984
2323,2224
2324,2686
2325,3196
2326,2795
2327,1543
2328,3236
2329,2515
2330,2254
2331,1603
2332,2776
2333,2404
2334,1523
2335,2746
2336,3116
2337,1252
2338,2695
2339,2335
2340,2876
2341,1604
2342,1623
2343,2324
2344,2094
2345,2254
2346,3026
2347,2114
2348,2324
2349,2354
2350,2194
2351,1473
2352,2405
2353,1322
2354,1282
2355,2535
2356,1573
2357,2464
2358,2244
2359,1853
2360,1362
2361,2544
2362,2054
2363,4208
2364,2535
2365,2675
2366,3076
2367,2926
2368,2134
2369,2154
2370,2204
2371,1553
2372,1192
2373,1432
2374,1933
2375,1643
2376,1783
2377,1804
2378,1422
2379,1593
2380,1012
2381,1963
2382,1563
2383,3897
2384,1963
2385,2044
2386,2795
2387,3547
2388,2434
2389,1593
2390,2685
2391,1643
2392,2003
2393,1913
2394,1623
2395,1673
2396,1723
2397,1203
2398,1273
2399,1513
2400,2545
2401,1422
2402,2324
2403,2014
2404,1633
2405,1252
2406,1994
2407,1673
2408,3016
2409,3897
2410,40257
2411,1312
2412,2325
2413,1052
2414,2415
2415,1893
2416,1833
2417,1644
2418,2495
2419,2315
2420,2956
2421,1212
2422,2084
2423,1232
2424,1012
2425,1493
2426,2445
2427,1964
2428,1213
2429,2365
2430,2555
2431,1703
2432,1372
2433,2254
2434,2395
2435,1072
2436,1052
2437,1954
2438,1543
2439,2265
2440,1102
2441,2164
2442,942
2443,1713
2444,962
2445,1663
2446,2014
2447,1573
2448,1603
2449,1462
2450,3095
2451,3737
2452,1593
2453,2605
2454,2395
2455,2695
2456,2234
2457,2855
2458,1192
2459,2575
2460,2014
2461,1904
2462,1994
2463,2565
2464,1322
2465,2605
2466,1994
2467,1804
2468,1704
2469,1894
2470,3026
2471,3186
2472,3837
2473,2134
2474,3496
2475,2755
2476,2795
2477,2525
2478,1813
2479,3326
2480,2555
2481,2385
2482,1373
2483,1323
2484,2415
2485,3026
2486,1833
2487,1543
2488,1833
2489,1152
2490,2134
2491,3066
2492,1873
2493,1853
2494,1573
2495,942
2496,1523
2497,1202
2498,1262
2499,1593
2500,1804
2501,1984
2502,1052
2503,1693
2504,982
2505,3236
2506,2284
2507,2896
2508,2224
2509,1532
2510,2705
2511,2745
2512,2144
2513,2234
2514,1914
2515,1263
2516,2785
2517,1182
2518,2325
2519,31910
2520,1864
2521,1483
2522,2354
2523,1893
2524,2444
2525,2645
2526,3106
2527,1293
2528,2675
2529,2144
2530,2815
2531,2274
2532,1833
2533,1243
2534,1102
2535,1223
2536,1864
2537,1513
2538,2023
2539,1954
2540,1332
2541,1854
2542,1613
2543,2194
2544,1774
2545,2585
2546,2926
2547,3296
2548,2275
2549,3106
2550,1844
2551,2495
2552,2013
2553,2014
2554,1052
2555,1432
2556,1272
2557,2515
2558,2014
2559,1503
2560,2104
2561,1443
2562,1944
2563,1162
2564,2414
2565,2244
2566,2265
2567,1563
2568,1313
2569,2896
2570,2354
2571,3016
2572,1924
2573,1212
2574,932
2575,1623
2576,1443
2577,1964
2578,862
2579,3096
2580,2425
2581,2415
2582,2325
2583,1583
2584,1423
2585,2424
2586,2354
2587,2345
2588,2665
2589,2285
2590,1433
2591,1844
2592,2455
2593,1573
2594,2454
2595,1783
2596,2535
2597,2395
2598,2114
2599,1964
2600,1784
2601,1934
2602,2946
2603,1603
2604,912
2605,2003
2606,1513
2607,1442
2608,3006
2609,2294
2610,1894
2611,1623
2612,1092
2613,2915
2614,2885
2615,2535
2616,1533
2617,1843
2618,1011
2619,1994
2620,1944
2621,2064
2622,1313
2623,1713
2624,1513
2625,1312
2626,1733
2627,1112
2628,1803
2629,1543
2630,1674
2631,2034
2632,2915
2633,1803
2634,1934
2635,2605
2636,2595
2637,2154
2638,1993
2639,1634
2640,841
2641,1673
2642,922
2643,1553
2644,1724
2645,1463
2646,2876
2647,1773
2648,2184
2649,2816
2650,2484
2651,1924
2652,2705
2653,1152
2654,2535
2655,961
2656,2364
2657,2675
2658,2425
2659,2996
2660,1873
2661,2275
2662,2275
2663,2054
2664,1894
2665,1042
2666,3667
2667,1893
2668,1783
2669,1703
2670,1513
2671,2314
2672,2184
2673,1163
2674,2405
2675,1413
2676,2174
2677,1823
2678,1503
2679,1302
2680,1914
2681,1223
2682,2064
2683,1232
2684,2485
2685,1573
2686,1633
2687,1132
2688,1112
2689,902
2690,852
2691,1693
2692,1774
2693,1463
2694,1783
2695,1583
2696,1714
2697,1493
2698,2124
2699,2415
2700,2044
2701,2565
2702,2034
2703,2344
2704,2615
2705,1763
2706,1813
2707,942
2708,3126
2709,2364
2710,1433
2711,2435
2712,2374
2713,1633
2714,1273
2715,2394
2716,1413
2717,2344
2718,1553
2719,2775
2720,2424
2721,1633
2722,2405
2723,2324
2724,2985
2725,2605
2726,2455
2727,1442
2728,1483
2729,1302
2730,1723
2731,2275
2732,1473
2733,2175
2734,2304
2735,1322
2736,1583
2737,1774
2738,921
2739,1794
2740,1703
2741,1733
2742,1513
2743,1653
2744,1583
2745,1403
2746,1763
2747,931
2748,1593
2749,3116
2750,1243
2751,2044
2752,1824
2753,2315
2754,1824
2755,1964
2756,1954
2757,1433
2758,1453
2759,1022
2760,1764
2761,1463
2762,1243
2763,1503
2764,2535
2765,1082
2766,2034
2767,1001
2768,1472
2769,2094
2770,2144
2771,2876
2772,1072
2773,1834
2774,1844
2775,1473
2776,1372
2777,2675
2778,2635
2779,1122
2780,1863
2781,1954
2782,2234
2783,1754
2784,1673
2785,1763
2786,1904
2787,1874
2788,2294
2789,1864
2790,1663
2791,2184
2792,1893
2793,1212
2794,2174
2795,1853
2796,1172
2797,1984
2798,1714
2799,1693
2800,1072
2801,2254
2802,2555
2803,2485
2804,2134
2805,1924
2806,2575
2807,2194
2808,2705
2809,2906
2810,1302
2811,1804
2812,1103
2813,2164
2814,2334
2815,3116
2816,1623
2817,1533
2818,2575
2819,2395
2820,1703
2821,2304
2822,1252
2823,901
2824,2004
2825,1523
2826,1522
2827,3186
2828,1933
2829,2034
2830,1613
2831,1082
2832,1863
2833,821
2834,2344
2835,2244
2836,2855
2837,3667
2838,2836
2839,2966
2840,2134
2841,1413
2842,932
2843,1873
2844,1022
2845,1793
2846,972
2847,2004
2848,1533
2849,931
2850,1272
2851,1653
2852,1002
2853,1794
2854,3136
2855,1794
2856,3206
2857,3026
2858,2535
2859,2455
2860,1222
2861,1833
2862,2034
2863,1783
2864,952
2865,1012
2866,1082
2867,1072
2868,1813
2869,1543
2870,1102
2871,1754
2872,3687
2873,2605
2874,3066
2875,2705
2876,2265
2877,2244
2878,2515
2879,2585
2880,2605
2881,1412
2882,1282
2883,982
2884,2053
2885,1163
2886,2274
2887,1433
2888,2004
2889,1012
2890,1673
2891,3566
2892,1172
2893,1232
2894,2164
2895,1002
2896,1784
2897,1182
2898,1643
2899,861
2900,1183
2901,2315
2902,2695
2903,1212
2904,3096
2905,3286
2906,1663
2907,2455
2908,2485
2909,2094
2910,2384
2911,2675
2912,2615
2913,2314
2914,2354
2915,2234
2916,1252
2917,2365
2918,1924
2919,2254
2920,881
2921,2054
2922,2144
2923,2876
2924,2574
2925,2254
2926,3016
2927,1803
2928,2225
2929,1834
2930,1743
2931,1132
2932,1452
2933,1222
2934,1583
2935,1934
2936,982
2937,1152
2938,1703
2939,1483
2940,2014
2941,2315
2942,2264
2943,2434
2944,2154
2945,2765
2946,2375
2947,2234
2948,2434
2949,2024
2950,1944
2951,1573
2952,2745
2953,2966
2954,1523
2955,2595
2956,2304
2957,2184
2958,1593
2959,2445
2960,2425
2961,2394
2962,1082
2963,2565
2964,1413
2965,2414
2966,2655
2967,2705
2968,1663
2969,2815
2970,2254
2971,2936
2972,2345
2973,2174
2974,1713
2975,2896
2976,2394
2977,3467
2978,2104
2979,2405
2980,2214
2981,1673
2982,2325
2983,2084
2984,1032
2985,1853
2986,1713
2987,1563
2988,3196
2989,1653
2990,2345
2991,1463
2992,1142
2993,1864
2994,1933
2995,1473
2996,1573
2997,1112
2998,1763
2999,2875
3000,1763
3001,1734
3002,2735
3003,1984
3004,1723
3005,2034
3006,1123
3007,1733
3008,1913
3009,1533
3010,3106
3011,2675
3012,2304
3013,3026
3014,1713
3015,2094
3016,1102
3017,1072
3018,1763
3019,1423
3020,1493
3021,2485
3022,1884
3023,1964
3024,791
3025,2936
3026,2806
3027,1964
3028,2304
3029,1062
3030,2003
3031,1703
3032,2976
3033,2465
3034,2605
3035,2124
3036,1703
3037,1613
3038,1653
3039,1022
3040,1853
3041,1744
3042,892
3043,1653
3044,2094
3045,1543
3046,1953
3047,1623
3048,871
3049,1774
3050,1092
3051,1112
3052,2014
3053,1673
3054,2786
3055,2194
3056,1803
3057,1904
3058,1884
3059,1994
3060,1442
3061,1082
3062,832
3063,2114
3064,691
3065,1683
3066,1372
3067,1694
3068,1443
3069,1512
3070,912
3071,2104
3072,1693
3073,1483
3074,1313
3075,932
3076,3747
3077,3216
3078,2905
3079,2725
3080,1272
3081,1913
3082,1643
3083,1382
3084,821
3085,2375
3086,1122
3087,1763
3088,1533
3089,1954
3090,1512
3091,812
3092,1613
3093,1753
3094,2254
3095,1142
3096,1974
3097,1984
3098,1432
3099,1463
3100,1733
3101,2264
3102,2805
3103,1753
3104,1313
3105,1773
3106,1834
3107,1463
3108,1262
3109,2515
3110,1633
3111,1623
3112,792
3113,1723
3114,1493
3115,1433
3116,1934
3117,1032
3118,1894
3119,1793
3120,1843
3121,1523
3122,1513
3123,802
3124,1863
3125,1423
3126,2515
3127,881
3128,1644
3129,2234
3130,2003
3131,1934
3132,2766
3133,1743
3134,1793
3135,1973
3136,1483
3137,2054
3138,1814
3139,802
3140,1734
3141,1693
3142,1603
3143,1533
3144,1533
3145,1973
3146,2004
3147,3216
3148,1703
3149,3407
3150,2464
3151,1323
3152,1522
3153,2625
3154,932
3155,2725
3156,2805
3157,1714
3158,1152
3159,2064
3160,2104
3161,1173
3162,2094
3163,1863
3164,2535
3165,1052
3166,1763
3167,1774
3168,1774
3169,1502
3170,1623
3171,2595
3172,2455
3173,1302
3174,2325
3175,2295
3176,1974
3177,2575
3178,1382
3179,2465
3180,2374
3181,1934
3182,2735
3183,1914
3184,1452
3185,1784
3186,1533
3187,731
3188,882
3189,901
3190,1623
3191,1703
3192,1583
3193,2234
3194,1724
3195,2175
3196,2024
3197,1373
3198,2505
3199,2434
3200,2605
3201,2435
3202,1243
3203,2284
3204,1693
3205,2465
3206,1193
3207,1893
3208,2485
3209,1754
3210,1904
3211,1804
3212,1533
3213,1172
3214,3066
3215,981
3216,3246
3217,2415
3218,1964
3219,2284
3220,2104
3221,1202
3222,3046
3223,2345
3224,1363
3225,2265
3226,2345
3227,2264
3228,2676
3229,2655
3230,2204
3231,2254
3232,2304
3233,1733
3234,1443
3235,3357
3236,971
3237,1182
3238,2635
3239,2064
3240,1563
3241,1854
3242,2255
3243,2695
3244,2475
3245,1343
3246,2154
3247,2204
3248,1293
3249,2385
3250,2655
3251,2825
3252,2214
3253,2094
3254,2344
3255,2254
3256,1322
3257,2495
3258,2906
3259,921
3260,1433
3261,3026
3262,1352
3263,902
3264,1703
3265,1543
3266,2064
3267,1503
3268,1583
3269,922
3270,1072
3271,2104
3272,781
3273,1392
3274,1533
3275,1012
3276,2545
3277,2284
3278,2184
3279,2144
3280,1112
3281,2755
3282,2705
3283,2465
3284,2044
3285,2254
3286,2054
3287,1793
3288,1724
3289,2295
3290,1553
3291,951
3292,1954
3293,1643
3294,1794
3295,982
3296,1853
3297,1573
3298,1242
3299,892
3300,1713
3301,2575
3302,1112
3303,2384
3304,2524
3305,2364
3306,992
3307,1523
3308,2414
3309,2855
3310,1623
3311,2875
3312,1823
3313,1002
3314,1052
3315,1894
3316,1914
3317,2034
3318,1833
3319,691
3320,1714
3321,952
3322,2455
3323,2675
3324,2796
3325,2044
3326,2545
3327,2775
3328,2735
3329,1482
3330,2474
3331,2254
3332,3447
3333,1182
3334,2865
3335,1864
3336,1834
3337,2865
3338,1283
3339,2154
3340,1653
3341,2525
3342,1833
3343,1242
3344,2945
3345,1993
3346,982
3347,1303
3348,1934
3349,901
3350,1673
3351,832
3352,1733
3353,1503
3354,822
3355,1783
3356,2084
3357,1513
3358,1462
3359,1794
3360,1563
3361,2936
3362,2725
3363,1523
3364,1984
3365,1202
3366,2194
3367,962
3368,1624
3369,2935
3370,1964
3371,1863
3372,1523
3373,2605
3374,2485
3375,1643
3376,1913
3377,1763
3378,1443
3379,2395
3380,1403
3381,2465
3382,2475
3383,1813
3384,3086
3385,2084
3386,1903
3387,1673
3388,1492
3389,2725
3390,1493
3391,3657
3392,3387
3393,1784
3394,2064
3395,1764
3396,1533
3397,1973
3398,1453
3399,1634
3400,2164
3401,1413
3402,962
3403,2775
3404,1944
3405,1323
3406,1062
3407,3115
3408,1874
3409,3366
3410,2695
3411,2645
3412,2746
3413,2044
3414,2786
3415,1132
3416,812
3417,961
3418,781
3419,2124
3420,1483
3421,1723
3422,912
3423,1663
3424,2165
3425,1693
3426,1663
3427,1583
3428,1623
3429,2234
3430,921
3431,1944
3432,1674
3433,1743
3434,1162
3435,1463
3436,1994
3437,2786
3438,1362
3439,1984
3440,1623
3441,1032
3442,1152
3443,1633
3444,1573
3445,962
3446,1793
3447,1222
3448,2024
3449,982
3450,1824
3451,1563
3452,942
3453,2034
3454,1693
3455,1513
3456,1733
3457,1353
3458,2404
3459,2385
3460,1423
3461,3256
3462,1844
3463,1262
3464,1973
3465,2024
3466,1623
3467,972
3468,911
3469,2324
3470,1463
3471,1603
3472,1573
3473,2235
3474,1503
3475,1342
3476,1232
3477,1453
3478,1463
3479,732
3480,1723
3481,1042
3482,2985
3483,2645
3484,2344
3485,2165
3486,1783
3487,1462
3488,1954
3489,1844
3490,2254
3491,1744
3492,1684
3493,952
3494,2224
3495,2314
3496,1874
3497,1393
3498,1823
3499,1904
3500,1192
3501,2604
3502,1262
3503,3035
3504,1393
3505,1724
3506,2294
3507,982
3508,1593
3509,1633
3510,1884
3511,1132
3512,1002
3513,1763
3514,1804
3515,1723
3516,1282
3517,2945
3518,1914
3519,1853
3520,1102
3521,1072
3522,822
3523,1322
3524,1854
3525,1633
3526,2826
3527,1603
3528,1493
3529,2284
3530,1603
3531,1933
3532,1914
3533,2876
3534,2445
3535,2425
3536,2464
3537,2655
3538,2975
3539,1282
3540,2464
3541,2625
3542,2314
3543,1703
3544,1864
3545,2786
3546,2545
3547,2214
3548,1313
3549,2685
3550,1603
3551,1873
3552,2174
3553,1633
3554,1603
3555,1092
3556,2245
3557,1693
3558,1052
3559,2344
3560,932
3561,1803
3562,1523
3563,1793
3564,1052
3565,892
3566,2204
3567,1843
3568,1202
3569,3136
3570,2294
3571,2685
3572,2154
3573,2686
3574,1583
3575,1152
3576,2094
3577,1673
3578,1563
3579,2024
3580,1533
3581,2064
3582,1643
3583,1563
3584,1542
3585,1512
3586,1653
3587,1493
3588,1493
3589,2124
3590,3407
3591,2344
3592,1523
3593,1333
3594,2816
3595,1233
3596,1363
3597,1012
3598,1864
3599,1112
3600,1924
3601,921
3602,1613
3603,942
3604,1814
3605,972
3606,1793
3607,1583
3608,1693
3609,1603
3610,831
3611,1523
3612,1884
3613,1433
3614,2475
3615,2524
3616,3146
3617,1583
3618,2184
3619,2334
3620,1473
3621,1203
3622,1573
3623,1543
3624,2094
3625,932
3626,1934
3627,1753
3628,1102
3629,1793
3630,1563
3631,751
3632,1513
3633,771
3634,1603
3635,2064
3636,2605
3637,1884
3638,2745
3639,1953
3640,2144
3641,2394
3642,1984
3643,1663
3644,1032
3645,1012
3646,761
3647,2044
3648,1493
3649,1683
3650,922
3651,1012
3652,2084
3653,1703
3654,792
3655,3276
3656,2054
3657,2154
3658,992
3659,2235
3660,2264
3661,3076
3662,982
3663,932
3664,831
3665,751
3666,1012
3667,3076
3668,2064
3669,3166
3670,3297
3671,2124
3672,1563
3673,1102
3674,2245
3675,1683
3676,2244
3677,802
3678,1513
3679,1212
3680,1944
3681,1513
3682,1704
3683,4087
3684,1804
3685,2615
3686,2024
3687,1353
3688,2455
3689,2736
3690,1513
3691,1673
3692,3506
3693,2976
3694,1833
3695,1583
3696,1483
3697,1022
3698,862
3699,1603
3700,1183
3701,951
3702,2635
3703,1843
3704,3266
3705,1523
3706,3597
3707,2575
3708,2314
3709,2495
3710,2585
3711,2345
3712,1823
3713,2575
3714,2204
3715,2936
3716,1433
3717,2966
3718,2164
3719,1443
3720,2355
3721,1813
3722,1653
3723,1743
3724,1703
3725,1743
3726,2314
3727,2925
3728,1443
3729,2154
3730,1292
3731,1653
3732,1032
3733,1052
3734,2134
3735,921
3736,942
3737,982
3738,1713
3739,1833
3740,1734
3741,1824
3742,982
3743,1703
3744,1623
3745,1643
3746,2455
3747,3256
3748,2404
3749,2625
3750,912
3751,1042
3752,2665
3753,1774
3754,1924
3755,2675
3756,2345
3757,2074
3758,1282
3759,1763
3760,1834
3761,1082
3762,1994
3763,1764
3764,2335
3765,1883
3766,2655
3767,2154
3768,3296
3769,2856
3770,1673
3771,2505
3772,2445
3773,1012
3774,2505
3775,1472
3776,1002
3777,941
3778,1934
3779,1392
3780,1042
3781,1743
3782,1263
3783,1032
3784,1873
3785,1593
3786,1834
3787,881
3788,1684
3789,1492
3790,2405
3791,1383
3792,2985
3793,2314
3794,2214
3795,1643
3796,2074
3797,2845
3798,2034
3799,1493
3800,2013
3801,1473
3802,1853
3803,1513
3804,2064
3805,1062
3806,831
3807,3025
3808,1863
3809,2014
3810,2254
3811,1342
3812,2435
3813,2595
3814,2064
3815,1653
3816,1223
3817,2575
3818,1593
3819,2495
3820,2004
3821,2023
3822,1563
3823,1002
3824,1683
3825,1463
3826,3246
3827,1813
3828,2295
3829,1152
3830,2154
3831,1443
3832,1874
3833,1442
3834,1974
3835,872
3836,881
3837,932
3838,1813
3839,881
3840,902
3841,1213
3842,962
3843,1984
3844,1814
3845,2575
3846,1773
3847,1683
3848,1693
3849,1162
3850,2314
3851,1563
3852,2204
3853,1533
3854,952
3855,1653
3856,2134
3857,1683
3858,1764
3859,2394
3860,2264
3861,2304
3862,2365
3863,2254
3864,2575
3865,1613
3866,2364
3867,2275
3868,3437
3869,2023
3870,862
3871,2295
3872,1964
3873,1553
3874,2625
3875,2494
3876,1854
3877,1944
3878,1242
3879,2175
3880,1663
3881,1693
3882,1533
3883,1443
3884,1102
3885,1663
3886,2004
3887,1553
3888,2064
3889,1553
3890,1553
3891,1603
3892,1573
3893,872
3894,1873
3895,2164
3896,1864
3897,1743
3898,1593
3899,1072
3900,2655
3901,1533
3902,1102
3903,1583
3904,1523
3905,821
3906,1072
3907,921
3908,1874
3909,1262
3910,1664
3911,1483
3912,2063
3913,1232
3914,1113
3915,1993
3916,1553
3917,2064
3918,892
3919,901
3920,1062
3921,1914
3922,3557
3923,2214
3924,3086
3925,1192
3926,2074
3927,1593
3928,2054
3929,992
3930,882
3931,2144
3932,1844
3933,2425
3934,2475
3935,1764
3936,2304
3937,1103
3938,2345
3939,1704
3940,1122
3941,1733
3942,1683
3943,1683
3944,1473
3945,952
3946,2595
3947,3166
3948,1543
3949,1953
3950,952
3951,1744
3952,1884
3953,1714
3954,1503
3955,1573
3956,1563
3957,942
3958,1533
3959,1503
3960,1963
3961,2555
3962,1302
3963,2375
3964,962
3965,891
3966,1634
3967,1683
3968,1373
3969,1934
3970,1473
3971,2655
3972,1373
3973,2154
3974,2505
3975,1593
3976,2946
3977,2134
3978,1844
3979,2004
3980,1543
3981,1483
3982,1954
3983,1683
3984,1333
3985,1482
3986,831
3987,1624
3988,1423
3989,771
3990,1843
3991,1392
3992,2585
3993,1834
3994,2445
3995,2144
3996,1532
3997,1683
3998,1573
3999,1302
4000,1784
4001,1824
4002,1232
4003,2043
4004,912
4005,1734
4006,1834
4007,1272
4008,1583
4009,2053
4010,1573
4011,1583
4012,1563
4013,1884
4014,1783
4015,3306
4016,1353
4017,3046
4018,2114
4019,1142
4020,1654
4021,2094
4022,1192
4023,1783
4024,2584
4025,1493
4026,1503
4027,2565
4028,2174
4029,2134
4030,2215
4031,1593
4032,2445
4033,1583
4034,1162
4035,982
4036,2205
4037,1222
4038,2535
4039,3045
4040,1393
4041,2064
4042,1793
4043,2044
4044,1824
4045,2675
4046,1633
4047,1794
4048,1833
4049,1653
4050,2495
4051,982
4052,1834
4053,1573
4054,932
4055,1343
4056,1002
4057,1022
4058,2284
4059,2455
4060,1323
4061,3086
4062,1974
4063,1743
4064,982
4065,1213
4066,1042
4067,1743
4068,692
4069,982
4070,1092
4071,661
4072,962
4073,1884
4074,1894
4075,1522
4076,1513
4077,1031
4078,1072
4079,1743
4080,1623
4081,1553
4082,1884
4083,1733
4084,1624
4085,2665
4086,2074
4087,1513
4088,1102
4089,1393
4090,1613
4091,1853
4092,1753
4093,1543
4094,1052
4095,1824
4096,1643
4097,1102
4098,1663
4099,1493
4100,1423
4101,942
4102,1443
4103,992
4104,1022
4105,1673
4106,942
4107,2084
4108,1963
4109,1634
4110,1112
4111,1994
4112,1643
4113,2174
4114,1573
4115,2625
4116,2494
4117,2926
4118,2665
4119,2365
4120,1733
4121,2695
4122,2315
4123,2104
4124,1522
4125,3105
4126,2815
4127,2234
4128,1713
4129,2434
4130,2715
4131,2254
4132,3748
4133,3106
4134,30177
4135,1443
4136,2344
4137,2454
4138,1433
4139,2525
4140,1092
4141,861
4142,2064
4143,2024
4144,1162
4145,1934
4146,1112
4147,1824
4148,1833
4149,1563
4150,3056
4151,1774
4152,2185
4153,1112
4154,2204
4155,2424
4156,2495
4157,1252
4158,1022
4159,1974
4160,1182
4161,1863
4162,2074
4163,1884
4164,2034
4165,1793
4166,2074
4167,1703
4168,1994
4169,1923
4170,1183
4171,1012
4172,3387
4173,1793
4174,1503
4175,1603
4176,2304
4177,2314
4178,2365
4179,2896
4180,1192
4181,1634
4182,1743
4183,1713
4184,1573
4185,1473
4186,1783
4187,1523
4188,1664
4189,941
4190,1703
4191,1523
4192,1663
4193,1964
4194,1112
4195,982
4196,2285
4197,912
4198,1293
4199,1593
4200,992
4201,782
4202,1823
4203,1643
4204,1723
4205,3246
4206,1102
4207,882
4208,2064
4209,861
4210,912
4211,1613
4212,1483
4213,1062
4214,2205
4215,1653
4216,1754
4217,2605
4218,2334
4219,911
4220,2164
4221,1422
4222,2826
4223,1493
4224,2615
4225,2104
4226,1502
4227,1432
4228,2474
4229,2855
4230,1182
4231,1894
4232,1803
4233,1443
4234,1403
4235,1042
4236,1773
4237,2705
4238,2545
4239,2194
4240,2294
4241,1283
4242,2435
4243,2565
4244,1302
4245,2295
4246,832
4247,1893
4248,2675
4249,2505
4250,1402
4251,1463
4252,2454
4253,2795
4254,2315
4255,1774
4256,2394
4257,1774
4258,2324
4259,1853
4260,2064
4261,2154
4262,2274
4263,2154
4264,2114
4265,2625
4266,1303
4267,2475
4268,3296
4269,1994
4270,3016
4271,892
4272,1704
4273,1001
4274,1543
4275,1012
4276,1042
4277,862
4278,1813
4279,1623
4280,1543
4281,2164
4282,1052
4283,961
4284,892
4285,1743
4286,841
4287,772
4288,1804
4289,922
4290,1523
4291,812
4292,1593
4293,1593
4294,2264
4295,1142
4296,2255
4297,1694
4298,1663
4299,2214
4300,1954
4301,1904
4302,2275
4303,2254
4304,1853
4305,1653
4306,2505
4307,2775
4308,1784
4309,1734
4310,1894
4311,1673
4312,1764
4313,892
4314,1903
4315,1042
4316,871
4317,1874
4318,1644
4319,2585
4320,1442
4321,1373
4322,2745
4323,2265
4324,2425
4325,2555
4326,2224
4327,1513
4328,1262
4329,2405
4330,1482
4331,3186
4332,1583
4333,1373
4334,1563
4335,2053
4336,1613
4337,2415
4338,1333
4339,2735
4340,2405
4341,1333
4342,1573
4343,2955
4344,1914
4345,2915
4346,2134
4347,2184
4348,2705
4349,1312
4350,1442
4351,2415
4352,1352
4353,2495
4354,1282
4355,1453
4356,3076
4357,2194
4358,1753
4359,1473
4360,1483
4361,1132
4362,1042
4363,1112
4364,851
4365,1212
4366,2916
4367,1793
4368,1253
4369,2564
4370,2445
4371,2706
4372,1493
4373,2565
4374,1402
4375,1864
4376,1623
4377,1523
4378,2385
4379,1663
4380,2044
4381,2014
4382,1172
4383,2725
4384,871
4385,932
4386,1893
4387,941
4388,982
4389,1844
4390,1413
4391,1513
4392,1482
4393,1593
4394,1123
4395,1673
4396,1443
4397,1443
4398,1342
4399,1483
4400,1182
4401,1513
4402,1834
4403,1523
4404,1573
4405,1633
4406,882
4407,1473
4408,1593
4409,2124
4410,1233
4411,1633
4412,1393
4413,881
4414,2064
4415,1813
4416,1944
4417,1733
4418,1753
4419,1914
4420,1002
4421,1182
4422,902
4423,1122
4424,982
4425,1913
4426,1563
4427,1563
4428,1834
4429,771
4430,2014
4431,1973
4432,2665
4433,1252
4434,2404
4435,2194
4436,1664
4437,2304
4438,2765
4439,1944
4440,2124
4441,1853
4442,1663
4443,872
4444,1944
4445,1503
4446,1623
4447,2274
4448,1613
4449,1222
4450,2044
4451,1362
4452,631
4453,842
4454,1633
4455,1323
4456,1413
4457,742
4458,1512
4459,802
4460,1593
4461,1493
4462,691
4463,1473
4464,1152
4465,912
4466,1874
4467,2295
4468,1623
4469,1213
4470,1392
4471,811
4472,1613
4473,1703
4474,1432
4475,1513
4476,712
4477,1292
4478,1322
4479,1984
4480,1823
4481,811
4482,1472
4483,1373
4484,1393
4485,1462
4486,1824
4487,1332
4488,732
4489,1613
4490,872
4491,1002
4492,1723
4493,782
4494,1844
4495,2544
4496,821
4497,761
4498,802
4499,1072
4500,1704
4501,1593
4502,1483
4503,992
4504,2295
4505,1153
4506,1613
4507,1413
4508,1883
4509,1402
4510,1653
4511,1383
4512,1643
4513,1684
4514,1593
4515,1423
4516,1583
4517,1132
4518,3126
4519,1773
4520,1843
4521,821
4522,2444
4523,1603
4524,731
4525,1143
4526,842
4527,2084
4528,972
4529,1062
4530,791
4531,1603
4532,802
4533,1563
4534,1372
4535,1403
4536,2224
4537,1302
4538,962
4539,1693
4540,1452
4541,871
4542,1603
4543,721
4544,1624
4545,1473
4546,1443
4547,1713
4548,1353
4549,1383
4550,741
4551,1863
4552,3016
4553,1954
4554,841
4555,2324
4556,1783
4557,2054
4558,1142
4559,2114
4560,922
4561,1964
4562,1603
4563,2104
4564,2004
4565,951
4566,1944
4567,801
4568,1804
4569,2215
4570,982
4571,1803
4572,1703
4573,1683
4574,2575
4575,1893
4576,1613
4577,1423
4578,1232
4579,2524
4580,2044
4581,1413
4582,2284
4583,1202
4584,1202
4585,2434
4586,1183
4587,2494
4588,2294
4589,2184
4590,2285
4591,1393
4592,1202
4593,1312
4594,2304
4595,2445
4596,2214
4597,1322
4598,2946
4599,2224
4600,2295
4601,1242
4602,3116
4603,1734
4604,2184
4605,1513
4606,982
4607,952
4608,1643
4609,2444
4610,1904
4611,1673
4612,1653
4613,1744
4614,1613
4615,902
4616,1663
4617,1563
4618,1123
4619,2224
4620,1773
4621,1493
4622,1513
4623,1012
4624,1793
4625,1493
4626,1513
4627,1332
4628,1092
4629,1523
4630,3156
4631,2104
4632,2575
4633,2154
4634,1302
4635,2826
4636,1172
4637,2975
4638,1423
4639,3046
4640,1713
4641,1453
4642,1683
4643,1442
4644,1312
4645,1623
4646,861
4647,1492
4648,1263
4649,1483
4650,1643
4651,1382
4652,1723
4653,1473
4654,1873
4655,882
4656,1513
4657,2064
4658,1793
4659,2886
4660,1343
4661,2305
4662,2194
4663,2615
4664,2635
4665,2104
4666,1282
4667,2355
4668,1503
4669,2404
4670,1313
4671,1433
4672,1322
4673,2525
4674,2345
4675,1333
4676,2294
4677,1233
4678,1643
4679,2885
4680,2184
4681,2205
4682,2605
4683,1312
4684,2074
4685,1593
4686,1002
4687,1633
4688,1623
4689,942
4690,1664
4691,1492
4692,1222
4693,1834
4694,1513
4695,1483
4696,1763
4697,932
4698,772
4699,1683
4700,1392
4701,1833
4702,1713
4703,1453
4704,1613
4705,1513
4706,1523
4707,882
4708,1853
4709,1903
4710,3176
4711,3096
4712,1924
4713,1272
4714,1102
4715,1623
4716,1873
4717,771
4718,1012
4719,2064
4720,1813
4721,822
4722,1633
4723,1573
4724,1533
4725,1412
4726,1352
4727,1032
4728,1894
4729,2745
4730,1122
4731,2054
4732,2524
4733,1953
4734,1633
4735,2254
4736,1953
4737,1072
4738,2926
4739,972
4740,2595
4741,1092
4742,1002
4743,1793
4744,1593
4745,1002
4746,2965
4747,1854
4748,1042
4749,2304
4750,961
4751,1744
4752,1413
4753,1503
4754,1804
4755,1583
4756,1393
4757,1613
4758,731
4759,2044
4760,1423
4761,1423
4762,1984
4763,2365
4764,2796
4765,2795
4766,1252
4767,1854
4768,3296
4769,2144
4770,1423
4771,1422
4772,1603
4773,2334
4774,2254
4775,1232
4776,1453
4777,812
4778,2425
4779,2024
4780,1703
4781,1713
4782,2024
4783,2565
4784,1844
4785,1473
4786,2355
4787,1804
4788,1563
4789,1082
4790,2725
4791,2495
4792,2044
4793,1864
4794,1513
4795,2004
4796,1432
4797,1232
4798,761
4799,1563
4800,942
4801,1653
4802,1533
4803,1883
4804,962
4805,1593
4806,1863
4807,1953
4808,1353
4809,2935
4810,1212
4811,992
4812,1864
4813,1593
4814,1884
4815,1512
4816,1522
4817,1693
4818,2525
4819,2034
4820,2886
4821,1713
4822,1673
4823,941
4824,1823
4825,1523
4826,2014
4827,1553
4828,2254
4829,1964
4830,1623
4831,2995
4832,1603
4833,1994
4834,1092
4835,2204
4836,1923
4837,1714
4838,812
4839,2134
4840,1092
4841,851
4842,931
4843,852
4844,1793
4845,1793
4846,2254
4847,2314
4848,2595
4849,1562
4850,2355
4851,2064
4852,2144
4853,1863
4854,2965
4855,1493
4856,1463
4857,2766
4858,3146
4859,2185
4860,1593
4861,3497
4862,2645
4863,2224
4864,1432
4865,1443
4866,3096
4867,2535
4868,1373
4869,3126
4870,1342
4871,3276
4872,2955
4873,2836
4874,2275
4875,1753
4876,2024
4877,2185
4878,1523
4879,1733
4880,1012
4881,1593
4882,1533
4883,1593
4884,912
4885,1814
4886,931
4887,1813
4888,1513
4889,1643
4890,2334
4891,2275
4892,2054
4893,2335
4894,2074
4895,2214
4896,2204
4897,1874
4898,2375
4899,2174
4900,2454
4901,2325
4902,2204
4903,2234
4904,2063
4905,2395
4906,2134
4907,1182
4908,2675
4909,3066
4910,1222
4911,2394
4912,962
4913,1824
4914,1553
4915,1654
4916,2084
4917,1543
4918,1673
4919,1944
4920,1433
4921,1492
4922,1703
4923,931
4924,2956
4925,1643
4926,1803
4927,1202
4928,1874
4929,1442
4930,2685
4931,1844
4932,1143
4933,2445
4934,1713
4935,1793
4936,1813
4937,1673
4938,1012
4939,1002
4940,1273
4941,2705
4942,2394
4943,1413
4944,1843
4945,811
4946,802
4947,1593
4948,1743
4949,991
4950,972
4951,1954
4952,1773
4953,832
4954,1433
4955,1363
4956,1924
4957,1412
4958,1723
4959,971
4960,1022
4961,892
4962,1874
4963,902
4964,731
4965,1052
4966,1914
4967,931
4968,2084
4969,1603
4970,1403
4971,932
4972,1613
4973,852
4974,1874
4975,702
4976,1563
4977,3186
4978,1854
4979,1032
4980,982
4981,1833
4982,1412
4983,1373
4984,1573
4985,1443
4986,1703
4987,1503
4988,1002
4989,1583
4990,1482
4991,1623
4992,2444
4993,1713
4994,1793
4995,1072
4996,1764
4997,902
4998,962
4999,1754
5000,1432
5001,2064
5002,1683
5003,931
5004,761
5005,922
5006,2945
5007,2384
5008,1703
5009,1011
5010,1823
5011,1863
5012,2415
5013,2324
5014,1372
5015,2194
5016,1493
5017,1603
5018,2295
5019,2104
5020,1522
5021,2846
5022,2394
5023,2765
5024,1783
5025,2966
5026,2474
5027,2395
5028,1723
5029,2605
5030,2144
5031,2284
5032,2615
5033,2635
5034,1884
5035,2134
5036,1813
5037,1633
5038,1172
5039,881
5040,1924
5041,1472
5042,2204
5043,1623
5044,1703
5045,2335
5046,2585
5047,2264
5048,1714
5049,2675
5050,1322
5051,2836
5052,1352
5053,1233
5054,1082
5055,1943
5056,1412
5057,2003
5058,1944
5059,972
5060,2595
5061,1042
5062,1654
5063,1463
5064,1493
5065,1303
5066,2024
5067,922
5068,2044
5069,1663
5070,1994
5071,1543
5072,2034
5073,1483
5074,1483
5075,741
5076,1824
5077,751
5078,2004
5079,742
5080,2545
5081,1332
5082,2364
5083,2073
5084,2304
5085,2404
5086,2966
5087,2524
5088,2214
5089,1743
5090,1624
5091,1473
5092,1443
5093,802
5094,952
5095,1823
5096,1213
5097,2225
5098,781
5099,912
5100,1583
5101,1453
5102,1362
5103,1452
5104,2254
5105,1673
5106,1363
5107,1623
5108,1403
5109,1804
5110,1793
5111,1773
5112,1402
5113,1964
5114,1764
5115,1784
5116,1924
5117,1292
5118,1542
5119,1893
5120,2104
5121,1423
5122,2044
5123,1954
5124,1743
5125,1493
5126,1533
5127,1463
5128,1363
5129,921
5130,661
5131,961
5132,2265
5133,1513
5134,1473
5135,1694
5136,1022
5137,1764
5138,1062
5139,681
5140,1583
5141,1523
5142,1613
5143,2564
5144,1713
5145,932
5146,1794
5147,1883
5148,1503
5149,1603
5150,1823
5151,1603
5152,741
5153,1723
5154,1323
5155,872
5156,1694
5157,1442
5158,1553
5159,1012
5160,1824
5161,1313
5162,1673
5163,912
5164,1814
5165,1493
5166,1543
5167,1493
5168,1663
5169,2124
5170,1062
5171,1473
5172,1523
5173,2144
5174,912
5175,802
5176,2124
5177,1783
5178,1793
5179,1673
5180,1743
5181,1223
5182,1072
5183,1853
5184,1423
5185,1062
5186,1803
5187,1733
5188,1693
5189,2244
5190,1323
5191,1854
5192,2124
5193,1874
5194,2124
5195,1593
5196,1673
5197,1052
5198,2595
5199,1683
5200,1683
5201,1903
5202,1783
5203,1743
5204,832
5205,1052
5206,942
5207,2044
5208,2013
5209,1363
5210,1733
5211,1773
5212,2384
5213,1863
5214,1573
5215,1733
5216,1002
5217,2495
5218,1684
5219,1603
5220,1082
5221,1914
5222,1644
5223,1683
5224,1423
5225,2344
5226,1863
5227,1963
5228,1072
5229,2104
5230,1272
5231,1763
5232,1282
5233,962
5234,892
5235,2184
5236,862
5237,1714
5238,1853
5239,1984
5240,1684
5241,2074
5242,1633
5243,1934
5244,1543
5245,1413
5246,1873
5247,2254
5248,1833
5249,1273
5250,902
5251,2454
5252,1724
5253,2374
5254,1783
5255,1723
5256,2365
5257,1934
5258,2244
5259,2234
5260,1543
5261,2986
5262,2104
5263,2235
5264,2504
5265,2344
5266,2324
5267,2274
5268,2054
5269,1803
5270,2685
5271,2354
5272,1523
5273,2374
5274,882
5275,2074
5276,1744
5277,1713
5278,1363
5279,1483
5280,1633
5281,1523
5282,2715
5283,2033
5284,1683
5285,1833
5286,1943
5287,1633
5288,1092
5289,2384
5290,1824
5291,2174
5292,1093
5293,1844
5294,1783
5295,1613
5296,1673
5297,1893
5298,1894
5299,1443
5300,1934
5301,1903
5302,1132
5303,1152
5304,1973
5305,1853
5306,1774
5307,2225
5308,2004
5309,1673
5310,1864
5311,932
5312,1933
5313,2114
5314,1502
5315,1323
5316,2895
5317,1442
5318,2535
5319,2815
5320,2485
5321,2625
5322,2445
5323,1423
5324,2434
5325,2464
5326,1373
5327,2545
5328,2645
5329,1723
5330,2305
5331,782
5332,831
5333,1943
5334,1313
5335,1924
5336,731
5337,1192
5338,902
5339,1162
5340,1593
5341,1022
5342,982
5343,1743
5344,902
5345,1022
5346,2775
5347,1964
5348,2544
5349,2555
5350,2225
5351,2775
5352,1272
5353,1453
5354,2054
5355,2174
5356,2725
5357,1783
5358,2545
5359,2044
5360,1613
5361,1092
5362,2245
5363,1162
5364,1703
5365,852
5366,1884
5367,992
5368,1783
5369,1513
5370,1493
5371,1533
5372,1102
5373,1703
5374,1413
5375,1332
5376,1623
5377,821
5378,1533
5379,1363
5380,1643
5381,1503
5382,751
5383,2946
5384,2635
5385,1753
5386,1002
5387,1042
5388,901
5389,2074
5390,1352
5391,1403
5392,1573
5393,822
5394,1513
5395,1703
5396,1332
5397,1312
5398,1283
5399,1412
5400,1623
5401,761
5402,1653
5403,1443
5404,1212
5405,1462
5406,1853
5407,1513
5408,1323
5409,701
5410,1362
5411,1393
5412,1953
5413,2314
5414,1763
5415,2264
5416,1382
5417,1713
5418,731
5419,1583
5420,1664
5421,1693
5422,1343
5423,1603
5424,1703
5425,932
5426,1493
5427,771
5428,1333
5429,1423
5430,1553
5431,1403
5432,1052
5433,1673
5434,1393
5435,1483
5436,862
5437,1583
5438,1893
5439,1252
5440,1864
5441,1603
5442,922
5443,2625
5444,1312
5445,1653
5446,2325
5447,1784
5448,2545
5449,1964
5450,2254
5451,1724
5452,2104
5453,1823
5454,2825
5455,1874
5456,1402
5457,1954
5458,1132
5459,992
5460,1623
5461,1493
5462,1323
5463,1973
5464,952
5465,1413
5466,1022
5467,881
5468,1282
5469,1543
5470,3226
5471,1372
5472,1844
5473,1904
5474,912
5475,1202
5476,1943
5477,2004
5478,1904
5479,1052
5480,1052
5481,2104
5482,1753
5483,982
5484,2215
5485,1763
5486,1062
5487,1894
5488,1914
5489,1362
5490,2475
5491,1794
5492,2344
5493,1984
5494,2454
5495,1212
5496,2235
5497,3656
5498,2685
5499,1883
5500,2174
5501,1683
5502,1322
5503,2004
5504,1813
5505,2305
5506,1783
5507,1142
5508,2365
5509,1753
5510,2235
5511,942
5512,1894
5513,2495
5514,1894
5515,1022
5516,1293
5517,2074
5518,1092
5519,922
5520,1062
5521,2736
5522,1984
5523,3066
5524,1573
5525,2445
5526,1934
5527,1954
5528,1513
5529,921
5530,972
5531,1533
5532,1854
5533,1242
5534,2285
5535,1904
5536,2195
5537,1693
5538,2114
5539,1653
5540,1093
5541,2544
5542,2304
5543,1653
5544,2264
5545,952
5546,1133
5547,1102
5548,2164
5549,1312
5550,3487
5551,1963
5552,1784
5553,1152
5554,1813
5555,1542
5556,2835
5557,1062
5558,1903
5559,2044
5560,1733
5561,1764
5562,1182
5563,1704
5564,1883
5565,1613
5566,1012
5567,1102
5568,1833
5569,1423
5570,1423
5571,1994
5572,1643
5573,1593
5574,1874
5575,1913
5576,2685
5577,2545
5578,1513
5579,2304
5580,1422
5581,1463
5582,1753
5583,1333
5584,761
5585,2885
5586,1744
5587,1523
5588,2715
5589,1763
5590,972
5591,1954
5592,1964
5593,1603
5594,2064
5595,902
5596,971
5597,2023
5598,2004
5599,1883
5600,2184
5601,1774
5602,2164
5603,2985
5604,1032
5605,1042
5606,882
5607,571
5608,1773
5609,1473
5610,1393
5611,951
5612,781
5613,1563
5614,1663
5615,1543
5616,822
5617,1663
5618,621
5619,1653
5620,1082
5621,1854
5622,1834
5623,1253
5624,2625
5625,1804
5626,2024
5627,1894
5628,1794
5629,961
5630,2695
5631,1693
5632,2405
5633,1193
5634,1293
5635,1984
5636,1924
5637,1913
5638,2906
5639,1743
5640,1332
5641,981
5642,2154
5643,1303
5644,1653
5645,1272
5646,1754
5647,1824
5648,811
5649,1593
5650,1743
5651,1303
5652,872
5653,1753
5654,1533
5655,811
5656,822
5657,2094
5658,802
5659,1443
5660,1783
5661,1973
5662,1532
5663,852
5664,1503
5665,1403
5666,1512
5667,992
5668,1613
5669,1503
5670,841
5671,1503
5672,1192
5673,712
5674,721
5675,911
5676,1723
5677,1082
5678,901
5679,1764
5680,1683
5681,741
5682,1393
5683,1303
5684,1433
5685,1443
5686,1663
5687,1373
5688,1613
5689,1493
5690,1694
5691,1412
5692,1573
5693,1262
5694,1533
5695,1373
5696,1552
5697,822
5698,1903
5699,1393
5700,1542
5701,1533
5702,1463
5703,761
5704,1553
5705,1402
5706,1212
5707,1523
5708,1503
5709,1433
5710,591
5711,1353
5712,711
5713,1643
5714,762
5715,1433
5716,822
5717,862
5718,801
5719,1934
5720,1112
5721,1523
5722,781
5723,1783
5724,882
5725,742
5726,1614
5727,1362
5728,842
5729,1663
5730,862
5731,1513
5732,1643
5733,1583
5734,2836
5735,1392
5736,2755
5737,2134
5738,1242
5739,2264
5740,1242
5741,2394
5742,1593
5743,2345
5744,2315
5745,2285
5746,6473
5747,2745
5748,2254
5749,1373
5750,1743
5751,812
5752,1654
5753,1052
5754,1583
5755,781
5756,1824
5757,861
5758,1393
5759,1463
5760,882
5761,1843
5762,1323
5763,1633
5764,1112
5765,761
5766,991
5767,3236
5768,2405
5769,2795
5770,2285
5771,2094
5772,1292
5773,2705
5774,1332
5775,2725
5776,1272
5777,1884
5778,832
5779,1804
5780,1433
5781,1373
5782,751
5783,862
5784,1763
5785,1423
5786,1183
5787,1933
5788,1513
5789,1413
5790,801
5791,1012
5792,1804
5793,1593
5794,1062
5795,1503
5796,1153
5797,1694
5798,1343
5799,1463
5800,1683
5801,1472
5802,892
5803,1954
5804,3216
5805,1092
5806,1012
5807,1994
5808,1442
5809,1563
5810,781
5811,1684
5812,1302
5813,1152
5814,1553
5815,1603
5816,772
5817,1393
5818,1433
5819,1352
5820,1242
5821,1533
5822,1392
5823,1272
5824,1793
5825,1543
5826,1403
5827,1453
5828,1343
5829,782
5830,1493
5831,1503
5832,1343
5833,1703
5834,1352
5835,1823
5836,1543
5837,651
5838,1462
5839,1373
5840,1523
5841,1933
5842,1763
5843,1763
5844,1032
5845,1713
5846,1603
5847,1683
5848,1603
5849,1282
5850,822
5851,862
5852,1553
5853,621
5854,732
5855,1443
5856,1813
5857,1262
5858,1283
5859,2044
5860,1753
5861,1894
5862,1994
5863,2755
5864,1734
5865,2424
5866,2605
5867,2435
5868,1653
5869,2484
5870,1002
5871,2034
5872,1984
5873,1873
5874,1001
5875,2335
5876,972
5877,1082
5878,1944
5879,2114
5880,1442
5881,1954
5882,1994
5883,1212
5884,1092
5885,1874
5886,1102
5887,1062
5888,1092
5889,1783
5890,2034
5891,1844
5892,2605
5893,1813
5894,1943
5895,1022
5896,2334
5897,1513
5898,1523
5899,1813
5900,2174
5901,1032
5902,1794
5903,1383
5904,1422
5905,1843
5906,1703
5907,2184
5908,1483
5909,1463
5910,1303
5911,911
5912,2204
5913,1413
5914,722
5915,1523
5916,701
5917,1483
5918,1323
5919,691
5920,1543
5921,1523
5922,761
5923,771
5924,1573
5925,1753
5926,1292
5927,2054
5928,741
5929,1633
5930,1503
5931,1373
5932,1383
5933,1944
5934,1863
5935,932
5936,2064
5937,1343
5938,1503
5939,1503
5940,591
5941,1493
5942,1683
5943,1142
5944,882
5945,761
5946,2014
5947,1232
5948,881
5949,1583
5950,1483
5951,1463
5952,1733
5953,1313
5954,941
5955,1573
5956,1533
5957,1232
5958,1463
5959,952
5960,982
5961,2986
5962,1583
5963,981
5964,1412
5965,2776
5966,1904
5967,1614
5968,2885
5969,1473
5970,1472
5971,2245
5972,1523
5973,2164
5974,701
5975,682
5976,1624
5977,1382
5978,1252
5979,1633
5980,751
5981,1613
5982,732
5983,861
5984,671
5985,2525
5986,1122
5987,1022
5988,1142
5989,2195
5990,1794
5991,1934
5992,1273
5993,2204
5994,912
5995,1994
5996,911
5997,2174
5998,1052
5999,2114
6000,1753
6001,981
6002,2124
6003,1914
6004,2344
6005,1974
6006,1854
6007,1122
6008,1843
6009,2134
6010,1593
6011,2315
6012,1684
6013,1122
6014,2023
6015,1913
6016,1813
6017,1894
6018,1162
6019,2074
6020,2104
6021,2264
6022,1863
6023,2084
6024,1644
6025,1133
6026,992
6027,1032
6028,1022
6029,2435
6030,1483
6031,2224
6032,1684
6033,2494
6034,1724
6035,1052
6036,2365
6037,2064
6038,1843
6039,1663
6040,981
6041,1944
6042,2124
6043,2504
6044,1944
6045,1763
6046,982
6047,1323
6048,2394
6049,1734
6050,1883
6051,911
6052,2144
6053,1613
6054,2044
6055,972
6056,1994
6057,1693
6058,1022
6059,1143
6060,2334
6061,1893
6062,891
6063,942
6064,2124
6065,1022
6066,1223
6067,2254
6068,2535
6069,2334
6070,1863
6071,1633
6072,2134
6073,1032
6074,2575
6075,1082
6076,2094
6077,1623
6078,2234
6079,1082
6080,1122
6081,1974
6082,2004
6083,1704
6084,3477
6085,1543
6086,2024
6087,1533
6088,2024
6089,1783
6090,1943
6091,1694
6092,2154
6093,1824
6094,2044
6095,3637
6096,2485
6097,1824
6098,1152
6099,2945
6100,2395
6101,2405
6102,1383
6103,2364
6104,1704
6105,2454
6106,2584
6107,2535
6108,2224
6109,2475
6110,2164
6111,2325
6112,2364
6113,2054
6114,2716
6115,1253
6116,2364
6117,2214
6118,2084
6119,1874
6120,3006
6121,1743
6122,2444
6123,2385
6124,1342
6125,2384
6126,1343
6127,832
6128,962
6129,1884
6130,1744
6131,1523
6132,3096
6133,1493
6134,932
6135,2535
6136,1793
6137,1803
6138,1453
6139,1883
6140,1863
6141,1413
6142,1664
6143,1032
6144,1533
6145,1493
6146,2505
6147,2345
6148,1533
6149,831
6150,1002
6151,1502
6152,1432
6153,1573
6154,1453
6155,862
6156,1022
6157,1583
6158,1362
6159,1383
6160,711
6161,711
6162,1002
6163,751
6164,1784
6165,1233
6166,1573
6167,2846
6168,2715
6169,2354
6170,2685
6171,911
6172,1753
6173,1974
6174,5751
6175,3006
6176,1102
6177,2034
6178,1032
6179,2024
6180,1523
6181,1964
6182,1653
6183,1894
6184,942
6185,891
6186,1694
6187,801
6188,932
6189,1664
6190,1533
6191,792
6192,1803
6193,1453
6194,1593
6195,671
6196,2494
6197,1744
6198,962
6199,1983
6200,1763
6201,2023
6202,3316
6203,2966
6204,1092
6205,781
6206,1553
6207,1422
6208,1503
6209,852
6210,872
6211,1613
6212,1372
6213,1744
6214,952
6215,801
6216,1593
6217,1142
6218,1834
6219,1413
6220,1022
6221,1974
6222,1412
6223,1613
6224,1502
6225,1543
6226,2465
6227,1222
6228,1914
6229,2715
6230,1503
6231,1442
6232,1413
6233,1463
6234,1413
6235,1603
6236,2324
6237,2385
6238,1443
6239,2444
6240,2064
6241,2935
6242,2405
6243,2224
6244,1362
6245,2845
6246,2214
6247,1252
6248,2565
6249,2585
6250,2725
6251,1413
6252,2265
6253,2345
6254,3517
6255,2264
6256,1593
6257,1232
6258,1703
6259,912
6260,832
6261,1663
6262,1563
6263,972
6264,1913
6265,1292
6266,1462
6267,1493
6268,1874
6269,2745
6270,1984
6271,2875
6272,1112
6273,1824
6274,1232
6275,2996
6276,2084
6277,2354
6278,1283
6279,1353
6280,2845
6281,2515
6282,1363
6283,1813
6284,1383
6285,821
6286,942
6287,1162
6288,871
6289,1783
6290,1423
6291,1613
6292,1442
6293,2285
6294,1353
6295,2204
6296,2114
6297,2094
6298,2385
6299,1944
6300,2756
6301,2154
6302,2354
6303,2184
6304,2244
6305,2325
6306,2585
6307,2615
6308,2375
6309,1112
6310,1503
6311,1062
6312,1653
6313,1363
6314,1844
6315,1483
6316,1503
6317,1453
6318,1603
6319,1252
6320,801
6321,1152
6322,1413
6323,941
6324,1503
6325,1382
6326,2885
6327,1212
6328,1453
6329,1283
6330,2645
6331,5250
6332,1383
6333,2615
6334,1834
6335,2985
6336,2395
6337,2064
6338,1583
6339,961
6340,1723
6341,1393
6342,1823
6343,882
6344,1423
6345,1563
6346,1353
6347,1383
6348,1362
6349,1302
6350,1232
6351,1473
6352,1112
6353,1583
6354,1853
6355,871
6356,802
6357,1012
6358,1463
6359,1263
6360,1403
6361,902
6362,1453
6363,641
6364,1683
6365,2064
6366,2855
6367,2404
6368,1383
6369,872
6370,2866
6371,2354
6372,1583
6373,1453
6374,2695
6375,1393
6376,1693
6377,2534
6378,2184
6379,2414
6380,2394
6381,2074
6382,2715
6383,2224
6384,2946
6385,1984
6386,2464
6387,2735
6388,1363
6389,1713
6390,2204
6391,1122
6392,1002
6393,1733
6394,802
6395,1442
6396,2024
6397,1824
6398,1764
6399,1653
6400,2615
6401,2525
6402,2455
6403,2415
6404,2145
6405,2294
6406,2114
6407,2225
6408,1503
6409,1352
6410,1482
6411,2485
6412,1163
6413,1834
6414,3526
6415,1874
6416,2054
6417,1223
6418,1773
6419,1082
6420,1733
6421,1443
6422,1012
6423,1944
6424,892
6425,912
6426,1022
6427,1904
6428,1623
6429,791
6430,1473
6431,1833
6432,1383
6433,1684
6434,3006
6435,3497
6436,2505
6437,2354
6438,3376
6439,2715
6440,2615
6441,1724
6442,1213
6443,1813
6444,1182
6445,1914
6446,1012
6447,972
6448,1733
6449,1683
6450,1533
6451,1613
6452,3236
6453,1693
6454,1112
6455,2054
6456,1693
6457,1764
6458,1533
6459,1744
6460,1694
6461,1533
6462,1663
6463,1062
6464,2214
6465,1563
6466,1853
6467,2415
6468,2274
6469,1784
6470,1493
6471,1393
6472,892
6473,2264
6474,1572
6475,2114
6476,1683
6477,1904
6478,1543
6479,1763
6480,1803
6481,1072
6482,1714
6483,1914
6484,761
6485,1243
6486,1603
6487,1242
6488,1933
6489,531
6490,1663
6491,1373
6492,992
6493,1814
6494,3486
6495,2114
6496,2575
6497,1683
6498,2024
6499,2024
6500,1253
6501,1192
6502,1944
6503,1773
6504,1173
6505,1964
6506,1152
6507,1643
6508,1874
6509,1793
6510,2755
6511,2304
6512,2484
6513,2325
6514,2705
6515,2484
6516,2485
6517,1332
6518,1322
6519,2034
6520,2926
6521,2224
6522,1072
6523,1563
6524,1824
6525,1993
6526,2464
6527,1723
6528,1824
6529,2314
6530,1874
6531,1473
6532,1012
6533,1723
6534,1523
6535,2534
6536,1884
6537,1263
6538,2855
6539,1362
6540,2825
6541,1443
6542,2234
6543,1624
6544,1082
6545,3006
6546,1784
6547,1883
6548,1643
6549,1082
6550,1793
6551,1513
6552,2004
6553,1523
6554,1673
6555,1764
6556,771
6557,1213
6558,1834
6559,1423
6560,902
6561,2244
6562,1693
6563,1162
6564,2655
6565,2084
6566,1413
6567,1973
6568,1783
6569,811
6570,1693
6571,3086
6572,1293
6573,2324
6574,1383
6575,1443
6576,1362
6577,902
6578,2255
6579,701
6580,1553
6581,1783
6582,1032
6583,1523
6584,912
6585,862
6586,1683
6587,1733
6588,1643
6589,1522
6590,1673
6591,1472
6592,1783
6593,2204
6594,1864
6595,2384
6596,1893
6597,1804
6598,1663
6599,2185
6600,1844
6601,1122
6602,2785
6603,1733
6604,1453
6605,791
6606,1563
6607,1363
6608,1433
6609,2465
6610,1383
6611,721
6612,1824
6613,1613
6614,1924
6615,2064
6616,2004
6617,942
6618,882
6619,1543
6620,762
6621,1623
6622,751
6623,942
6624,1523
6625,1703
6626,1633
6627,1874
6628,1082
6629,2034
6630,1312
6631,1362
6632,832
6633,1312
6634,2014
6635,1293
6636,782
6637,1513
6638,1482
6639,1503
6640,812
6641,1022
6642,1703
6643,942
6644,862
6645,752
6646,1613
6647,691
6648,972
6649,1783
6650,1522
6651,1332
6652,1703
6653,1704
6654,1403
6655,761
6656,3537
6657,1903
6658,1623
6659,932
6660,1503
6661,1663
6662,1573
6663,941
6664,1743
6665,922
6666,1864
6667,1723
6668,1633
6669,1763
6670,1473
6671,952
6672,912
6673,1974
6674,1884
6675,1463
6676,1012
6677,751
6678,1994
6679,2024
6680,1482
6681,1853
6682,2154
6683,961
6684,1974
6685,1864
6686,2394
6687,1012
6688,1824
6689,1703
6690,1703
6691,1944
6692,902
6693,1392
6694,2444
6695,891
6696,1794
6697,942
6698,1453
6699,1082
6700,1844
6701,1954
6702,1703
6703,1824
6704,1713
6705,891
6706,1794
6707,2785
6708,2485
6709,1212
6710,2404
6711,1683
6712,2184
6713,1773
6714,1643
6715,1012
6716,2094
6717,2184
6718,1272
6719,1894
6720,1202
6721,1733
6722,5741
6723,1683
6724,1653
6725,1012
6726,1833
6727,872
6728,2144
6729,1623
6730,1623
6731,1944
6732,1172
6733,1924
6734,982
6735,1042
6736,2094
6737,2305
6738,2805
6739,2254
6740,1694
6741,751
6742,1633
6743,1483
6744,1102
6745,1643
6746,1433
6747,1373
6748,1233
6749,1533
6750,961
6751,902
6752,1723
6753,1402
6754,1924
6755,1443
6756,1243
6757,1052
6758,1503
6759,1924
6760,1603
6761,1432
6762,982
6763,1703
6764,831
6765,1533
6766,821
6767,1412
6768,732
6769,721
6770,1492
6771,742
6772,872
6773,1563
6774,1723
6775,1453
6776,791
6777,1503
6778,1413
6779,2104
6780,1473
6781,1513
6782,732
6783,1473
6784,831
6785,1412
6786,1633
6787,1292
6788,1323
6789,1553
6790,1683
6791,1633
6792,1813
6793,1513
6794,681
6795,902
6796,2735
6797,2205
6798,2766
6799,1352
6800,1212
6801,2535
6802,2875
6803,2655
6804,2154
6805,2365
6806,1243
6807,2395
6808,2445
6809,2655
6810,1694
6811,1623
6812,882
6813,882
6814,1694
6815,1473
6816,1954
6817,2826
6818,1803
6819,1242
6820,1123
6821,1663
6822,952
6823,811
6824,1924
6825,1402
6826,942
6827,1844
6828,1473
6829,1483
6830,1513
6831,762
6832,1573
6833,1483
6834,1734
6835,2325
6836,2194
6837,2755
6838,1383
6839,2384
6840,2685
6841,2144
6842,2214
6843,1463
6844,1794
6845,2866
6846,1563
6847,1423
6848,981
6849,1663
6850,1583
6851,1693
6852,1503
6853,762
6854,741
6855,2284
6856,6212
6857,1382
6858,1102
6859,1022
6860,1754
6861,871
6862,721
6863,1503
6864,1332
6865,1443
6866,901
6867,781
6868,1513
6869,892
6870,1603
6871,2534
6872,1343
6873,2825
6874,1433
6875,2054
6876,962
6877,861
6878,1653
6879,3356
6880,2815
6881,2164
6882,1693
6883,2325
6884,2205
6885,1402
6886,2384
6887,1523
6888,2755
6889,2775
6890,1152
6891,1163
6892,1593
6893,2124
6894,2325
6895,1403
6896,2595
6897,2264
6898,2415
6899,2324
6900,1543
6901,2735
6902,1022
6903,1713
6904,1764
6905,822
6906,1724
6907,1393
6908,1353
6909,1352
6910,1503
6911,1683
6912,1483
6913,1523
6914,1423
6915,1583
6916,1493
6917,1473
6918,1312
6919,751
6920,1603
6921,2275
6922,1753
6923,1783
6924,1643
6925,2184
6926,1623
6927,2746
6928,1633
6929,1753
6930,2184
6931,2194
6932,2074
6933,1723
6934,1042
6935,2014
6936,892
6937,2134
6938,982
6939,1363
6940,1833
6941,1653
6942,1022
6943,1132
6944,1162
6945,2064
6946,1002
6947,2325
6948,1563
6949,992
6950,1232
6951,1684
6952,1412
6953,741
6954,2925
6955,2304
6956,1332
6957,1523
6958,1583
6959,1432
6960,1272
6961,1322
6962,1723
6963,651
6964,1062
6965,671
6966,1713
6967,1002
6968,1563
6969,992
6970,1533
6971,692
6972,1573
6973,711
6974,1823
6975,2475
6976,1883
6977,1704
6978,1793
6979,812
6980,2154
6981,2134
6982,2805
6983,2294
6984,1994
6985,2225
6986,1493
6987,2234
6988,2415
6989,2174
6990,3487
6991,1673
6992,2054
6993,882
6994,1412
6995,1413
6996,1462
6997,2705
6998,2344
6999,2074
7000,2345
7001,2675
7002,1142
7003,2565
7004,1713
7005,1643
7006,1593
7007,2816
7008,2154
7009,661
7010,1403
7011,811
7012,1933
7013,1663
7014,1844
7015,1382
7016,1402
7017,1964
7018,1483
7019,1222
7020,1513
7021,851
7022,1493
7023,1372
7024,761
7025,961
7026,851
7027,841
7028,762
7029,1974
7030,621
7031,2875
7032,3937
7033,1002
7034,1123
7035,1964
7036,2044
7037,1853
7038,831
7039,1763
7040,2124
7041,2104
7042,1723
7043,1704
7044,2484
7045,1794
7046,1984
7047,1243
7048,1714
7049,1493
7050,1513
7051,792
7052,1563
7053,1533
7054,1282
7055,1604
7056,742
7057,1944
7058,1513
7059,1433
7060,9057
7061,1553
7062,1473
7063,782
7064,1894
7065,711
7066,1994
7067,1262
7068,822
7069,1743
7070,1413
7071,1433
7072,1292
7073,1673
7074,1363
7075,1543
7076,1332
7077,1183
7078,1974
7079,1042
7080,1653
7081,1333
7082,1533
7083,1042
7084,1393
7085,2174
7086,1222
7087,1082
7088,1713
7089,1453
7090,852
7091,1613
7092,1202
7093,1403
7094,762
7095,1943
7096,1082
7097,731
7098,1352
7099,1243
7100,1323
7101,671
7102,1794
7103,1372
7104,852
7105,1703
7106,1743
7107,1623
7108,1433
7109,1723
7110,2094
7111,2104
7112,1262
7113,1803
7114,2174
7115,3757
7116,2154
7117,1774
7118,2775
7119,1453
7120,1493
7121,1683
7122,1974
7123,1392
7124,1493
7125,2054
7126,1403
7127,2114
7128,1754
7129,1012
7130,922
7131,1463
7132,1573
7133,1443
7134,1503
7135,1042
7136,861
7137,1703
7138,1473
7139,1473
7140,1072
7141,2424
7142,2485
7143,1563
7144,2194
7145,2144
7146,2705
7147,1192
7148,1122
7149,1273
7150,1002
7151,1603
7152,931
7153,1894
7154,932
7155,1733
7156,1363
7157,1413
7158,952
7159,1724
7160,1523
7161,1623
7162,1463
7163,1603
7164,1864
7165,1543
7166,2305
7167,1142
7168,2003
7169,1784
7170,1433
7171,1173
7172,1072
7173,1072
7174,2284
7175,852
7176,1724
7177,982
7178,782
7179,2765
7180,1743
7181,2355
7182,2515
7183,1092
7184,862
7185,1874
7186,942
7187,2124
7188,1663
7189,1603
7190,1472
7191,3887
7192,3036
7193,1522
7194,2815
7195,1723
7196,1684
7197,1142
7198,882
7199,1954
7200,1583
7201,1714
7202,1673
7203,2044
7204,1082
7205,1482
7206,1573
7207,1022
7208,1913
7209,1644
7210,1363
7211,1713
7212,2635
7213,1903
7214,2234
7215,1754
7216,932
7217,1813
7218,1994
7219,1693
7220,2244
7221,1553
7222,822
7223,1743
7224,812
7225,1663
7226,1673
7227,1012
7228,1052
7229,1943
7230,3146
7231,1674
7232,2404
7233,3356
7234,2245
7235,2395
7236,2314
7237,1523
7238,1383
7239,2455
7240,2255
7241,2605
7242,1684
7243,3145
7244,2886
7245,2044
7246,2074
7247,2736
7248,2504
7249,2074
7250,2485
7251,2334
7252,2204
7253,1634
7254,2465
7255,2254
7256,2415
7257,2244
7258,2224
7259,1373
7260,2544
7261,3146
7262,2365
7263,2405
7264,1483
7265,2535
7266,2214
7267,1363
7268,3447
7269,3176
7270,1353
7271,1853
7272,2215
7273,1633
7274,1723
7275,1593
7276,2665
7277,1804
7278,1974
7279,1913
7280,1693
7281,1893
7282,1503
7283,712
7284,1543
7285,2114
7286,2255
7287,2224
7288,3456
7289,2295
7290,2735
7291,2325
7292,2274
7293,2224
7294,3035
7295,2134
7296,1443
7297,2094
7298,1783
7299,2665
7300,1192
7301,932
7302,1693
7303,822
7304,1704
7305,1483
7306,1663
7307,1653
7308,2184
7309,3146
7310,2305
7311,2204
7312,2094
7313,2465
7314,1823
7315,2795
7316,1423
7317,1272
7318,2235
7319,1523
7320,2805
7321,2755
7322,2054
7323,1864
7324,1263
7325,1974
7326,2084
7327,1824
7328,1854
7329,1713
7330,1844
7331,1653
7332,1953
7333,1704
7334,1232
7335,2044
7336,1032
7337,1673
7338,1533
7339,1202
7340,3116
7341,1833
7342,1373
7343,1914
7344,2605
7345,1593
7346,2365
7347,2254
7348,2315
7349,2184
7350,2264
7351,2595
7352,1192
7353,2795
7354,2275
7355,2254
7356,1373
7357,2324
7358,2375
7359,2204
7360,1342
7361,1372
7362,2315
7363,2535
7364,2274
7365,2345
7366,2315
7367,1723
7368,3607
7369,1373
7370,1503
7371,2305
7372,1362
7373,1673
7374,801
7375,1633
7376,1413
7377,2165
7378,861
7379,1904
7380,1533
7381,901
7382,1172
7383,1974
7384,761
7385,912
7386,1643
7387,1603
7388,1673
7389,1773
7390,652
7391,1453
7392,992
7393,1493
7394,791
7395,1123
7396,1593
7397,1723
7398,1623
7399,1463
7400,2134
7401,972
7402,1202
7403,1793
7404,1513
7405,1673
7406,852
7407,932
7408,662
7409,1914
7410,1503
7411,1643
7412,1413
7413,1403
7414,1032
7415,1393
7416,1312
7417,792
7418,1022
7419,2284
7420,1442
7421,731
7422,2895
7423,1644
7424,1503
7425,1793
7426,3396
7427,1704
7428,1673
7429,1663
7430,1543
7431,2064
7432,1422
7433,1543
7434,1543
7435,1433
7436,1372
7437,1533
7438,1643
7439,1684
7440,1473
7441,1563
7442,1653
7443,1022
7444,2314
7445,1914
7446,912
7447,1502
7448,1413
7449,762
7450,952
7451,1453
7452,1523
7453,791
7454,2334
7455,1583
7456,1723
7457,1844
7458,1603
7459,1583
7460,862
7461,2504
7462,2174
7463,1774
7464,1102
7465,1052
7466,2023
7467,912
7468,832
7469,1704
7470,962
7471,2234
7472,1824
7473,812
7474,922
7475,801
7476,1954
7477,2806
7478,1773
7479,992
7480,1904
7481,3707
7482,2053
7483,1903
7484,1654
7485,1763
7486,1543
7487,1814
7488,952
7489,1854
7490,1052
7491,1624
7492,1563
7493,1443
7494,1473
7495,2635
7496,1492
7497,2074
7498,1303
7499,2114
7500,1122
7501,1202
7502,972
7503,1934
7504,1633
7505,882
7506,1052
7507,922
7508,2064
7509,1783
7510,2434
7511,1633
7512,2194
7513,2305
7514,2705
7515,1352
7516,3096
7517,1422
7518,1393
7519,2895
7520,2235
7521,2174
7522,2144
7523,1233
7524,2385
7525,2485
7526,1653
7527,2735
7528,2695
7529,1663
7530,3276
7531,1353
7532,2334
7533,2234
7534,2665
7535,2464
7536,1463
7537,2384
7538,2014
7539,962
7540,1543
7541,1623
7542,1433
7543,791
7544,3146
7545,1523
7546,1914
7547,1162
7548,1954
7549,1382
7550,1482
7551,1473
7552,982
7553,862
7554,1593
7555,1072
7556,1583
7557,1322
7558,1483
7559,1343
7560,1373
7561,1483
7562,702
7563,1623
7564,671
7565,1192
7566,1904
7567,2275
7568,952
7569,962
7570,1032
7571,1904
7572,1242
7573,1552
7574,2204
7575,1213
7576,2043
7577,1262
7578,1001
7579,1943
7580,781
7581,1804
7582,1893
7583,1413
7584,2926
7585,1333
7586,1272
7587,2354
7588,2795
7589,3026
7590,2125
7591,1333
7592,2344
7593,2174
7594,2245
7595,2405
7596,2315
7597,2003
7598,2164
7599,2514
7600,2254
7601,2134
7602,1042
7603,1753
7604,1493
7605,1422
7606,1403
7607,1413
7608,721
7609,1443
7610,1373
7611,1433
7612,1543
7613,1413
7614,1233
7615,1633
7616,1493
7617,641
7618,1473
7619,942
7620,1553
7621,1613
7622,1423
7623,952
7624,1412
7625,1774
7626,752
7627,662
7628,1723
7629,1623
7630,2164
7631,2535
7632,1783
7633,1443
7634,3336
7635,3506
7636,3216
7637,4238
7638,1784
7639,1163
7640,1032
7641,1082
7642,952
7643,1573
7644,1323
7645,1012
7646,1603
7647,1593
7648,1383
7649,1092
7650,1483
7651,681
7652,1583
7653,1493
7654,1362
7655,1222
7656,1863
7657,861
7658,1593
7659,1403
7660,802
7661,831
7662,1764
7663,1483
7664,1373
7665,962
7666,661
7667,1072
7668,1132
7669,2976
7670,1363
7671,2485
7672,2305
7673,2806
7674,1664
7675,1373
7676,2786
7677,2114
7678,2374
7679,1603
7680,912
7681,2004
7682,1673
7683,1493
7684,1513
7685,1543
7686,1573
7687,842
7688,1633
7689,1332
7690,1623
7691,1503
7692,1392
7693,1953
7694,2104
7695,972
7696,1914
7697,812
7698,1483
7699,1363
7700,1483
7701,1473
7702,792
7703,1513
7704,771
7705,2625
7706,2054
7707,1383
7708,1313
7709,2474
7710,2695
7711,2224
7712,1603
7713,812
7714,1673
7715,972
7716,1212
7717,1794
7718,1492
7719,1623
7720,1383
7721,1032
7722,1533
7723,1423
7724,1382
7725,852
7726,1262
7727,752
7728,1954
7729,1463
7730,761
7731,1603
7732,1853
7733,1783
7734,661
7735,712
7736,942
7737,1062
7738,841
7739,2936
7740,1393
7741,1413
7742,1262
7743,812
7744,912
7745,691
7746,862
7747,722
7748,1493
7749,1252
7750,1734
7751,1352
7752,2244
7753,2144
7754,2144
7755,2525
7756,2164
7757,2074
7758,2154
7759,2274
7760,1302
7761,2284
7762,1593
7763,2244
7764,2645
7765,2324
7766,1493
7767,2354
7768,1282
7769,2174
7770,2465
7771,2274
7772,2965
7773,1743
7774,1613
7775,1644
7776,1934
7777,1774
7778,1453
7779,1453
7780,782
7781,1633
7782,641
7783,1022
7784,1353
7785,932
7786,1442
7787,721
7788,1433
7789,1593
7790,1413
7791,1683
7792,1062
7793,981
7794,812
7795,1723
7796,972
7797,1653
7798,2094
7799,1442
7800,782
7801,1903
7802,1202
7803,772
7804,982
7805,672
7806,792
7807,1022
7808,2945
7809,2074
7810,1623
7811,922
7812,1543
7813,1332
7814,1342
7815,1583
7816,1282
7817,1774
7818,1402
7819,722
7820,661
7821,1854
7822,1713
7823,1323
7824,1713
7825,2064
7826,1402
7827,1412
7828,1513
7829,1392
7830,1583
7831,1513
7832,1413
7833,1323
7834,1603
7835,1253
7836,1342
7837,1382
7838,1603
7839,1373
7840,1473
7841,961
7842,1423
7843,1132
7844,1012
7845,1773
7846,1573
7847,702
7848,902
7849,1613
7850,1362
7851,672
7852,2054
7853,1783
7854,1523
7855,952
7856,1763
7857,1864
7858,7054
7859,5771
7860,3236
7861,2585
7862,2354
7863,3006
7864,2585
7865,2004
7866,2395
7867,2434
7868,3406
7869,2474
7870,2134
7871,2855
7872,2354
7873,2345
7874,1663
7875,2564
7876,2615
7877,2775
7878,2384
7879,2946
7880,2635
7881,2515
7882,2365
7883,2525
7884,1923
7885,2144
7886,2745
7887,1583
7888,3207
7889,2475
7890,2184
7891,2896
7892,2795
7893,2765
7894,3096
7895,2585
7896,2505
7897,1833
7898,2795
7899,2405
7900,1533
7901,2805
7902,1513
7903,1883
7904,2855
7905,2866
7906,1654
7907,3336
7908,3066
7909,2776
7910,1864
7911,2124
7912,3356
7913,4008
7914,3366
7915,2806
7916,1884
7917,971
7918,1783
7919,951
7920,3286
7921,3326
7922,1713
7923,2915
7924,2465
7925,2575
7926,2364
7927,2174
7928,2485
7929,2464
7930,2485
7931,2304
7932,1814
7933,4338
7934,2946
7935,2715
7936,1693
7937,1453
7938,3577
7939,2515
7940,3236
7941,3556
7942,2545
7943,3687
7944,4969
7945,3286
7946,2726
7947,2955
7948,1874
7949,1603
7950,2374
7951,1994
7952,2294
7953,2234
7954,2585
7955,1643
7956,2535
7957,2044
7958,2284
7959,2004
7960,1393
7961,2655
7962,2033
7963,3256
7964,1743
7965,2816
7966,3196
7967,1653
7968,2395
7969,1403
7970,1643
7971,1393
7972,1613
7973,1442
7974,1403
7975,1223
7976,2855
7977,2144
7978,2425
7979,1193
7980,3326
7981,2364
7982,1843
7983,1452
7984,1543
7985,1082
7986,912
7987,842
7988,1122
7989,1683
7990,1844
7991,1713
7992,2013
7993,1533
7994,1363
7995,1783
7996,1924
7997,882
7998,1553
7999,1473
8000,1463
8001,1423
8002,1683
8003,1393
8004,1382
8005,1302
8006,902
8007,1683
8008,1282
8009,2414
8010,932
8011,1913
8012,1503
8013,2815
8014,1242
8015,1513
8016,1082
8017,851
8018,2054
8019,842
8020,1443
8021,1522
8022,952
8023,1663
8024,1883
8025,772
8026,1833
8027,1603
8028,1253
8029,2165
8030,782
8031,1593
8032,1573
8033,1362
8034,1794
8035,782
8036,712
8037,1763
8038,2184
8039,1552
8040,1303
8041,741
8042,1563
8043,1413
8044,952
8045,852
8046,971
8047,2925
8048,1944
8049,1944
8050,2404
8051,1873
8052,1192
8053,2515
8054,1072
8055,1092
8056,982
8057,962
8058,1964
8059,1593
8060,972
8061,1893
8062,1513
8063,1823
8064,1774
8065,1723
8066,1723
8067,1613
8068,1764
8069,2124
8070,2084
8071,1663
8072,1142
8073,2054
8074,992
8075,2074
8076,912
8077,2204
8078,2274
8079,1042
8080,1683
8081,1243
8082,2154
8083,2675
8084,1673
8085,1693
8086,1022
8087,1433
8088,1483
8089,1422
8090,3346
8091,2285
8092,1764
8093,1573
8094,831
8095,1563
8096,1532
8097,1363
8098,872
8099,742
8100,781
8101,2264
8102,3356
8103,1963
8104,1804
8105,1002
8106,1953
8107,1162
8108,1964
8109,1843
8110,1713
8111,1894
8112,1843
8113,1904
8114,1633
8115,1984
8116,2715
8117,2244
8118,2044
8119,1543
8120,942
8121,1062
8122,1072
8123,1533
8124,1713
8125,821
8126,1634
8127,1513
8128,2885
8129,1804
8130,952
8131,1633
8132,2174
8133,1824
8134,1703
8135,1433
8136,1723
8137,942
8138,1613
8139,1734
8140,1052
8141,1663
8142,2344
8143,2204
8144,2034
8145,2885
8146,2124
8147,1704
8148,2004
8149,711
8150,1523
8151,2164
8152,1664
8153,1733
8154,1553
8155,972
8156,1793
8157,1573
8158,1523
8159,1473
8160,2064
8161,1132
8162,992
8163,2956
8164,1794
8165,1623
8166,1883
8167,1843
8168,1443
8169,1483
8170,2635
8171,1462
8172,962
8173,2485
8174,2515
8175,1413
8176,1803
8177,1623
8178,831
8179,2425
8180,852
8181,1984
8182,1563
8183,1372
8184,1823
8185,1543
8186,2265
8187,1403
8188,851
8189,1633
8190,1362
8191,1824
8192,1322
8193,801
8194,942
8195,781
8196,1743
8197,651
8198,1543
8199,2074
8200,1593
8201,1082
8202,752
8203,1773
8204,1122
8205,851
8206,1863
8207,1322
8208,751
8209,3366
8210,2355
8211,1713
8212,1793
8213,1813
8214,2024
8215,1423
8216,952
8217,1814
8218,1663
8219,1683
8220,1933
8221,1673
8222,1863
8223,1553
8224,2394
8225,922
8226,1733
8227,2444
8228,1904
8229,1483
8230,1934
8231,2174
8232,1623
8233,1863
8234,1743
8235,1122
8236,1914
8237,1593
8238,1583
8239,1603
8240,1993
8241,1393
8242,1042
8243,1773
8244,1182
8245,832
8246,1142
8247,2034
8248,1663
8249,1623
8250,1152
8251,1914
8252,1482
8253,982
8254,2795
8255,1453
8256,1182
8257,1713
8258,1714
8259,782
8260,912
8261,1573
8262,1783
8263,862
8264,1313
8265,1723
8266,1453
8267,1643
8268,1713
8269,901
8270,1573
8271,1393
8272,832
8273,1583
8274,922
8275,1663
8276,1664
8277,1603
8278,931
8279,791
8280,1423
8281,1903
8282,3126
8283,1984
8284,1092
8285,972
8286,801
8287,1753
8288,942
8289,1664
8290,2034
8291,1663
8292,2314
8293,1432
8294,902
8295,1243
8296,1613
8297,922
8298,1643
8299,1042
8300,1463
8301,1513
8302,1453
8303,1403
8304,1362
8305,1372
8306,892
8307,1192
8308,1593
8309,1363
8310,2595
8311,2044
8312,1714
8313,1633
8314,1583
8315,1823
8316,2485
8317,1794
8318,1714
8319,2174
8320,2434
8321,2485
8322,1664
8323,2394
8324,2896
8325,1723
8326,1573
8327,1653
8328,842
8329,1473
8330,1463
8331,2244
8332,932
8333,1974
8334,1352
8335,1844
8336,1463
8337,1383
8338,841
8339,1624
8340,942
8341,811
8342,1522
8343,1593
8344,1753
8345,2215
8346,792
8347,1613
8348,1233
8349,1383
8350,1393
8351,1433
8352,812
8353,1463
8354,1333
8355,1393
8356,2264
8357,1513
8358,1403
8359,1553
8360,1032
8361,1563
8362,882
8363,872
8364,1623
8365,1443
8366,1703
8367,1914
8368,641
8369,1683
8370,1432
8371,1613
8372,1413
8373,1323
8374,2375
8375,1953
8376,1863
8377,1863
8378,1623
8379,2164
8380,1472
8381,2144
8382,1723
8383,2204
8384,1924
8385,2264
8386,2725
8387,1563
8388,1563
8389,872
8390,2184
8391,2394
8392,1713
8393,1012
8394,1774
8395,2034
8396,1703
8397,1513
8398,1423
8399,872
8400,1673
8401,1573
8402,1743
8403,1923
8404,1442
8405,1443
8406,1413
8407,1012
8408,1744
8409,1613
8410,1533
8411,752
8412,1874
8413,761
8414,791
8415,861
8416,951
8417,1884
8418,792
8419,3657
8420,1663
8421,2445
8422,2014
8423,2164
8424,1172
8425,1823
8426,1422
8427,1573
8428,1563
8429,1643
8430,772
8431,971
8432,1112
8433,1162
8434,942
8435,1062
8436,1142
8437,2284
8438,1493
8439,1723
8440,2365
8441,1623
8442,792
8443,1412
8444,1913
8445,1643
8446,832
8447,3276
8448,1633
8449,1673
8450,1713
8451,1724
8452,1553
8453,1382
8454,1423
8455,862
8456,1633
8457,1283
8458,1333
8459,701
8460,1553
8461,1864
8462,1563
8463,3046
8464,841
8465,952
8466,781
8467,2013
8468,761
8469,1663
8470,982
8471,1773
8472,872
8473,1974
8474,1663
8475,1683
8476,1543
8477,1833
8478,1303
8479,1472
8480,681
8481,1713
8482,1142
8483,1483
8484,1433
8485,1823
8486,1463
8487,1122
8488,1873
8489,832
8490,1843
8491,1432
8492,1553
8493,832
8494,1553
8495,1744
8496,872
8497,1473
8498,2425
8499,1553
8500,1843
8501,1012
8502,2194
8503,1503
8504,631
8505,1734
8506,1573
8507,1603
8508,871
8509,1633
8510,1433
8511,1603
8512,1473
8513,1273
8514,1432
8515,1513
8516,1613
8517,1453
8518,962
8519,1553
8520,1342
8521,1453
8522,812
8523,1523
8524,1192
8525,1413
8526,1483
8527,1313
8528,1312
8529,2926
8530,1784
8531,2245
8532,2565
8533,1894
8534,1623
8535,1593
8536,1713
8537,1663
8538,1553
8539,2124
8540,2394
8541,2145
8542,982
8543,1032
8544,2996
8545,1773
8546,1132
8547,771
8548,2054
8549,882
8550,922
8551,711
8552,1503
8553,1543
8554,1904
8555,751
8556,1573
8557,822
8558,1663
8559,2364
8560,1012
8561,2144
8562,1724
8563,1433
8564,1332
8565,1373
8566,1974
8567,2635
8568,1402
8569,1904
8570,1393
8571,1493
8572,1422
8573,1723
8574,1864
8575,1493
8576,1072
8577,1152
8578,1643
8579,712
8580,1794
8581,1282
8582,1152
8583,1813
8584,1273
8585,1874
8586,2565
8587,2064
8588,1363
8589,1573
8590,1372
8591,1483
8592,601
8593,1573
8594,2404
8595,2355
8596,1814
8597,1442
8598,2575
8599,2665
8600,2464
8601,1743
8602,851
8603,981
8604,1573
8605,942
8606,601
8607,992
8608,1553
8609,1593
8610,1223
8611,2004
8612,1433
8613,1924
8614,1252
8615,1383
8616,1663
8617,862
8618,1583
8619,1323
8620,1332
8621,902
8622,1402
8623,1533
8624,1253
8625,1583
8626,1393
8627,1333
8628,1673
8629,1322
8630,641
8631,1593
8632,1423
8633,1383
8634,831
8635,671
8636,2013
8637,1593
8638,1443
8639,1443
8640,1463
8641,1483
8642,701
8643,1743
8644,1503
8645,881
8646,721
8647,1562
8648,1573
8649,1493
8650,2835
8651,942
8652,772
8653,1012
8654,1713
8655,2645
8656,1513
8657,2284
8658,1352
8659,2475
8660,2074
8661,1372
8662,2335
8663,2565
8664,1383
8665,1322
8666,2465
8667,2064
8668,1503
8669,2775
8670,1443
8671,762
8672,892
8673,972
8674,831
8675,1793
8676,1533
8677,1022
8678,1062
8679,1593
8680,762
8681,1543
8682,1813
8683,2414
8684,1884
8685,1252
8686,1543
8687,2976
8688,2264
8689,1252
8690,1633
8691,1563
8692,1734
8693,2304
8694,1433
8695,1743
8696,1002
8697,1012
8698,2054
8699,1523
8700,1282
8701,1022
8702,1603
8703,1663
8704,1893
8705,2344
8706,1383
8707,1042
8708,841
8709,952
8710,1413
8711,1653
8712,1533
8713,1673
8714,952
8715,1754
8716,1553
8717,1443
8718,1332
8719,1372
8720,972
8721,1402
8722,2013
8723,1833
8724,1583
8725,1193
8726,1613
8727,1573
8728,1442
8729,912
8730,1563
8731,982
8732,681
8733,922
8734,1704
8735,1773
8736,2274
8737,1834
8738,2155
8739,2415
8740,1733
8741,1012
8742,2424
8743,1112
8744,771
8745,1583
8746,1313
8747,1432
8748,1192
8749,1002
8750,2083
8751,1482
8752,1673
8753,1503
8754,1002
8755,1693
8756,1332
8757,1453
8758,1353
8759,1663
8760,1593
8761,931
8762,1503
8763,1453
8764,1663
8765,1392
8766,801
8767,1022
8768,992
8769,751
8770,1563
8771,811
8772,872
8773,2886
8774,1893
8775,1653
8776,1202
8777,10079
8778,1122
8779,1684
8780,1323
8781,812
8782,1433
8783,1423
8784,1513
8785,1052
8786,1693
8787,1052
8788,1563
8789,1613
8790,902
8791,1773
8792,1593
8793,591
8794,731
8795,1643
8796,1944
8797,1402
8798,862
8799,1533
8800,1523
8801,1383
8802,1513
8803,1432
8804,1773
8805,2215
8806,1492
8807,882
8808,1422
8809,851
8810,1673
8811,1323
8812,1503
8813,761
8814,1673
8815,3006
8816,1212
8817,2385
8818,2235
8819,2174
8820,2224
8821,1803
8822,2345
8823,2164
8824,1192
8825,1172
8826,2194
8827,1583
8828,2134
8829,2154
8830,3036
8831,1944
8832,1984
8833,952
8834,1694
8835,842
8836,1383
8837,1473
8838,1042
8839,1683
8840,2535
8841,1653
8842,1743
8843,1714
8844,1633
8845,812
8846,1393
8847,1322
8848,1793
8849,1413
8850,1432
8851,1382
8852,1442
8853,1683
8854,1373
8855,1573
8856,1412
8857,992
8858,1472
8859,1634
8860,2415
8861,1363
8862,1342
8863,1392
8864,1503
8865,941
8866,661
8867,1373
8868,771
8869,1833
8870,762
8871,1543
8872,1604
8873,852
8874,1703
8875,1372
8876,1633
8877,1001
8878,1874
8879,1533
8880,1513
8881,1463
8882,872
8883,751
8884,751
8885,1733
8886,3106
8887,1743
8888,2585
8889,1312
8890,1113
8891,1723
8892,1283
8893,1603
8894,832
8895,2134
8896,1412
8897,1613
8898,802
8899,2014
8900,1182
8901,1002
8902,1823
8903,1964
8904,1463
8905,1664
8906,1483
8907,1133
8908,1523
8909,1463
8910,3607
8911,2094
8912,2074
8913,2154
8914,1443
8915,2365
8916,1834
8917,2736
8918,1863
8919,1262
8920,1814
8921,1633
8922,1774
8923,1283
8924,2435
8925,1583
8926,1813
8927,1713
8928,1452
8929,1563
8930,1493
8931,1813
8932,1974
8933,1373
8934,781
8935,882
8936,1663
8937,952
8938,852
8939,1132
8940,1793
8941,1613
8942,1523
8943,1943
8944,1453
8945,3336
8946,1823
8947,1693
8948,1883
8949,1022
8950,1703
8951,1403
8952,1523
8953,1453
8954,1163
8955,1363
8956,1313
8957,1052
8958,1353
8959,852
8960,3136
8961,2214
8962,1313
8963,1283
8964,2545
8965,2916
8966,2145
8967,2205
8968,1462
8969,2435
8970,1503
8971,2755
8972,1773
8973,1734
8974,2906
8975,1773
8976,1643
8977,1663
8978,1593
8979,661
8980,1904
8981,1463
8982,1973
8983,1432
8984,952
8985,1573
8986,822
8987,1432
8988,1483
8989,912
8990,1332
8991,1032
8992,811
8993,1744
8994,1042
8995,1593
8996,1503
8997,1623
8998,952
8999,3126
9000,1964
9001,902
9002,2395
9003,2024
9004,952
9005,862
9006,1693
9007,1914
9008,922
9009,1563
9010,972
9011,1603
9012,1583
9013,1543
9014,1442
9015,1634
9016,3176
9017,1653
9018,1523
9019,1693
9020,1813
9021,1433
9022,1753
9023,1042
9024,1593
9025,1372
9026,2234
9027,2194
9028,1072
9029,1293
9030,2605
9031,2325
9032,2144
9033,2154
9034,2454
9035,1513
9036,2465
9037,3316
9038,2104
9039,2245
9040,2284
9041,1373
9042,1523
9043,2695
9044,2305
9045,2395
9046,2104
9047,2595
9048,1152
9049,2255
9050,2445
9051,1683
9052,3056
9053,2405
9054,1332
9055,1553
9056,1503
9057,1011
9058,1483
9059,1362
9060,1503
9061,952
9062,1413
9063,691
9064,1152
9065,1623
9066,841
9067,1403
9068,1173
9069,1082
9070,1453
9071,1552
9072,1914
9073,1483
9074,1894
9075,2054
9076,742
9077,2034
9078,772
9079,762
9080,702
9081,1022
9082,1322
9083,1903
9084,1603
9085,1543
9086,1603
9087,1342
9088,862
9089,942
9090,781
9091,2675
9092,2365
9093,832
9094,1713
9095,1463
9096,1513
9097,1413
9098,1703
9099,1693
9100,1413
9101,1372
9102,861
9103,1663
9104,942
9105,1563
9106,1042
9107,1923
9108,1864
9109,1763
9110,2104
9111,1823
9112,1393
9113,1523
9114,1623
9115,1252
9116,1513
9117,1833
9118,721
9119,1553
9120,1463
9121,1503
9122,1272
9123,1513
9124,1303
9125,1463
9126,742
9127,741
9128,1373
9129,1362
9130,1563
9131,721
9132,1503
9133,1393
9134,1733
9135,691
9136,1884
9137,2234
9138,871
9139,972
9140,2023
9141,1422
9142,1503
9143,701
9144,1493
9145,1222
9146,1523
9147,2776
9148,2525
9149,1363
9150,2735
9151,1633
9152,791
9153,982
9154,1242
9155,1472
9156,1012
9157,811
9158,2845
9159,2545
9160,822
9161,2214
9162,1613
9163,1092
9164,2244
9165,2355
9166,801
9167,661
9168,1613
9169,1694
9170,1152
9171,1513
9172,2464
9173,1733
9174,1553
9175,2665
9176,1313
9177,2265
9178,2485
9179,2214
9180,1634
9181,2615
9182,2234
9183,2685
9184,2174
9185,2755
9186,1102
9187,2254
9188,1272
9189,2204
9190,2245
9191,1583
9192,2474
9193,1022
9194,1052
9195,741
9196,1573
9197,2335
9198,1523
9199,1362
9200,2475
9201,2445
9202,2574
9203,2575
9204,2114
9205,2755
9206,2465
9207,1403
9208,2235
9209,1162
9210,1342
9211,1383
9212,1212
9213,2725
9214,1353
9215,2565
9216,2124
9217,3176
9218,3266
9219,3366
9220,2295
9221,1583
9222,1633
9223,852
9224,1854
9225,1573
9226,1523
9227,902
9228,1573
9229,1473
9230,1082
9231,792
9232,1833
9233,1543
9234,1002
9235,1513
9236,1733
9237,932
9238,1653
9239,1543
9240,1012
9241,711
9242,911
9243,1163
9244,812
9245,1663
9246,3046
9247,1593
9248,1142
9249,1022
9250,2255
9251,1533
9252,1573
9253,1683
9254,44044
9255,1813
9256,1122
9257,1192
9258,2004
9259,1453
9260,892
9261,742
9262,1663
9263,1343
9264,1332
9265,862
9266,1032
9267,842
9268,1523
9269,912
9270,1542
9271,1533
9272,1473
9273,1493
9274,872
9275,802
9276,2044
9277,1553
9278,1393
9279,1543
9280,1513
9281,1483
9282,1362
9283,1223
9284,2545
9285,2004
9286,1473
9287,1402
9288,1483
9289,1563
9290,1393
9291,1473
9292,1202
9293,1272
9294,1733
9295,2575
9296,1673
9297,3336
9298,3106
9299,1703
9300,2775
9301,1393
9302,2204
9303,1944
9304,2484
9305,2254
9306,2475
9307,3086
9308,1563
9309,2665
9310,2485
9311,1292
9312,1393
9313,2004
9314,2515
9315,2395
9316,2906
9317,1944
9318,1694
9319,1924
9320,1963
9321,3126
9322,1102
9323,962
9324,3176
9325,2295
9326,2575
9327,2264
9328,3246
9329,2014
9330,1813
9331,2364
9332,2214
9333,1824
9334,1213
9335,1673
9336,2094
9337,1583
9338,1002
9339,2715
9340,1684
9341,1112
9342,3016
9343,1853
9344,1954
9345,1413
9346,2565
9347,1132
9348,1964
9349,2294
9350,2796
9351,2475
9352,1092
9353,1372
9354,1342
9355,3167
9356,1453
9357,1703
9358,1182
9359,2204
9360,1332
9361,1613
9362,1613
9363,1503
9364,1202
9365,1082
9366,1994
9367,1813
9368,1092
9369,1052
9370,1282
9371,2745
9372,1683
9373,2685
9374,2305
9375,1834
9376,1363
9377,1172
9378,2285
9379,2114
9380,2706
9381,2495
9382,2926
9383,1483
9384,2054
9385,2365
9386,1192
9387,1793
9388,1963
9389,1663
9390,1704
9391,1523
9392,1753
9393,1412
9394,912
9395,1903
9396,1543
9397,1533
9398,1703
9399,1803
9400,1643
9401,1734
9402,1623
9403,1984
9404,942
9405,1533
9406,1473
9407,2495
9408,1072
9409,1462
9410,1703
9411,2284
9412,1703
9413,1924
9414,2194
9415,1032
9416,1674
9417,2114
9418,1573
9419,1052
9420,1824
9421,1393
9422,1393
9423,2063
9424,1673
9425,2214
9426,1423
9427,1503
9428,1463
9429,1493
9430,1493
9431,1533
9432,1332
9433,1533
9434,2144
9435,1352
9436,1503
9437,2575
9438,1753
9439,2605
9440,1963
9441,2124
9442,992
9443,2274
9444,1663
9445,2294
9446,1593
9447,1683
9448,1533
9449,2044
9450,1323
9451,1563
9452,1623
9453,1222
9454,2545
9455,1683
9456,2084
9457,1343
9458,2064
9459,1132
9460,2175
9461,2564
9462,3266
9463,1753
9464,1733
9465,1172
9466,1683
9467,2946
9468,1864
9469,1072
9470,3787
9471,1793
9472,1753
9473,922
9474,2425
9475,1683
9476,1693
9477,1613
9478,1753
9479,1683
9480,1653
9481,1262
9482,1773
9483,1202
9484,1633
9485,1413
9486,1072
9487,1723
9488,1743
9489,2345
9490,1192
9491,2295
9492,1994
9493,912
9494,1844
9495,1273
9496,1744
9497,691
9498,1593
9499,761
9500,1853
9501,1693
9502,1072
9503,862
9504,1633
9505,1383
9506,2184
9507,2094
9508,1122
9509,2284
9510,1803
9511,2224
9512,1823
9513,1162
9514,2104
9515,1132
9516,2956
9517,1733
9518,1954
9519,821
9520,1914
9521,1182
9522,1002
9523,1883
9524,982
9525,1733
9526,1583
9527,1743
9528,1764
9529,891
9530,1844
9531,1643
9532,2595
9533,1973
9534,1002
9535,2494
9536,1924
9537,1173
9538,1863
9539,1883
9540,2354
9541,992
9542,982
9543,1082
9544,1393
9545,1242
9546,2004
9547,932
9548,1874
9549,1163
9550,1924
9551,2064
9552,1764
9553,1673
9554,1694
9555,1673
9556,1062
9557,2074
9558,1713
9559,1684
9560,1102
9561,962
9562,852
9563,2024
9564,831
9565,992
9566,1232
9567,1974
9568,1613
9569,1653
9570,1533
9571,2615
9572,1413
9573,2525
9574,1302
9575,1583
9576,1162
9577,1684
9578,1573
9579,1383
9580,992
9581,1693
9582,1593
9583,1563
9584,1513
9585,942
9586,852
9587,862
9588,1783
9589,742
9590,1543
9591,1302
9592,1533
9593,1343
9594,851
9595,952
9596,1683
9597,1302
9598,1533
9599,952
9600,1082
9601,1784
9602,1292
9603,1473
9604,782
9605,2084
9606,1523
9607,1383
9608,771
9609,1443
9610,2064
9611,1413
9612,1383
9613,1001
9614,752
9615,1774
9616,1492
9617,882
9618,1623
9619,1333
9620,1844
9621,1533
9622,1393
9623,1372
9624,1422
9625,681
9626,1543
9627,952
9628,1823
9629,1583
9630,1333
9631,932
9632,1653
9633,1172
9634,1513
9635,1673
9636,631
9637,1453
9638,1914
9639,721
9640,1432
9641,1373
9642,1042
9643,1433
9644,1363
9645,1483
9646,1513
9647,1533
9648,1222
9649,1243
9650,831
9651,1933
9652,751
9653,1643
9654,1383
9655,1242
9656,1794
9657,881
9658,1883
9659,1553
9660,1493
9661,1312
9662,1312
9663,1643
9664,851
9665,1563
9666,1353
9667,1303
9668,722
9669,1493
9670,872
9671,1292
9672,1082
9673,1443
9674,1553
9675,1102
9676,1403
9677,1583
9678,621
9679,831
9680,942
9681,1863
9682,782
9683,1633
9684,592
9685,2034
9686,741
9687,1924
9688,1964
9689,1613
9690,1473
9691,1343
9692,872
9693,1452
9694,752
9695,641
9696,1553
9697,1473
9698,1223
9699,1603
9700,2024
9701,1152
9702,1593
9703,1343
9704,742
9705,952
9706,1653
9707,702
9708,2013
9709,1363
9710,1343
9711,1433
9712,641
9713,1422
9714,721
9715,1853
9716,1453
9717,1693
9718,982
9719,1623
9720,762
9721,692
9722,641
9723,772
9724,1453
9725,3477
9726,1884
9727,1653
9728,2195
9729,1693
9730,872
9731,1052
9732,1804
9733,1874
9734,872
9735,1083
9736,2004
9737,1723
9738,1443
9739,1132
9740,1012
9741,742
9742,1293
9743,851
9744,1012
9745,1873
9746,1563
9747,1703
9748,1874
9749,1603
9750,3326
9751,1763
9752,812
9753,1974
9754,1403
9755,821
9756,1553
9757,681
9758,832
9759,1453
9760,992
9761,1252
9762,1473
9763,1482
9764,1403
9765,2345
9766,1292
9767,2365
9768,3376
9769,1463
9770,2004
9771,2044
9772,1102
9773,2145
9774,1884
9775,2144
9776,1753
9777,1984
9778,1834
9779,1092
9780,1553
9781,2124
9782,1623
9783,2034
9784,1673
9785,3216
9786,1643
9787,1573
9788,1393
9789,1563
9790,1323
9791,701
9792,1633
9793,782
9794,1593
9795,1653
9796,1463
9797,1282
9798,1353
9799,732
9800,1543
9801,1292
9802,832
9803,1704
9804,631
9805,1323
9806,1162
9807,1733
9808,572
9809,932
9810,1573
9811,1472
9812,1322
9813,1393
9814,1623
9815,741
9816,942
9817,1453
9818,1292
9819,962
9820,1503
9821,1252
9822,1603
9823,1473
9824,1292
9825,902
9826,1052
9827,1503
9828,741
9829,611
9830,1734
9831,1112
9832,1362
9833,761
9834,480
9835,1433
9836,1282
9837,2364
9838,2084
9839,1733
9840,2835
9841,2205
9842,2245
9843,2746
9844,2054
9845,2726
9846,2746
9847,2535
9848,2114
9849,2174
9850,2414
9851,2315
9852,3026
9853,2325
9854,1843
9855,2334
9856,862
9857,1573
9858,832
9859,1503
9860,1623
9861,1383
9862,1342
9863,531
9864,2024
9865,1333
9866,1523
9867,1183
9868,1513
9869,1623
9870,1313
9871,1443
9872,1413
9873,1322
9874,1452
9875,1633
9876,1393
9877,1533
9878,771
9879,1673
9880,2104
9881,1493
9882,1553
9883,1012
9884,1683
9885,1283
9886,1393
9887,1733
9888,1723
9889,1373
9890,2324
9891,1974
9892,1012
9893,751
9894,972
9895,1523
9896,1312
9897,1823
9898,1473
9899,1603
9900,1393
9901,1563
9902,851
9903,2014
9904,771
9905,741
9906,1613
9907,1583
9908,1343
9909,1593
9910,1994
9911,2284
9912,1844
9913,962
9914,1242
9915,2325
9916,1773
9917,1974
9918,1824
9919,2314
9920,2024
9921,1944
9922,962
9923,1402
9924,902
9925,1122
9926,2094
9927,2545
9928,1223
9929,2354
9930,1613
9931,2725
9932,1052
9933,1803
9934,972
9935,2274
9936,812
9937,3116
9938,2054
9939,1844
9940,1774
9941,1402
9942,1754
9943,1072
9944,1513
9945,1382
9946,942
9947,1833
9948,722
9949,1773
9950,751
9951,1803
9952,1463
9953,1403
9954,822
9955,722
9956,1703
9957,1663
9958,791
9959,1373
9960,1302
9961,1453
9962,2866
9963,2044
9964,2294
9965,3787
9966,2244
9967,1893
9968,1383
9969,1001
9970,1723
9971,1543
9972,1102
9973,1703
9974,1563
9975,1633
9976,1543
9977,1493
9978,1633
9979,1132
9980,1472
9981,1593
9982,1503
9983,1693
9984,912
9985,1763
9986,1453
9987,1423
9988,771
9989,1844
9990,1733
9991,1553
9992,3676
9993,2695
9994,2204
9995,1193
9996,2134
9997,1924
9998,1693
9999,2234
10000,1142
